-- phpMyAdmin SQL Dump
-- version 5.1.1
-- https://www.phpmyadmin.net/
--
-- Host: 127.0.0.1
-- Generation Time: Aug 17, 2021 at 05:33 AM
-- Server version: 10.4.19-MariaDB
-- PHP Version: 8.0.7

SET SQL_MODE = "NO_AUTO_VALUE_ON_ZERO";
START TRANSACTION;
SET time_zone = "+00:00";


/*!40101 SET @OLD_CHARACTER_SET_CLIENT=@@CHARACTER_SET_CLIENT */;
/*!40101 SET @OLD_CHARACTER_SET_RESULTS=@@CHARACTER_SET_RESULTS */;
/*!40101 SET @OLD_COLLATION_CONNECTION=@@COLLATION_CONNECTION */;
/*!40101 SET NAMES utf8mb4 */;

--
-- Database: `electric billing system`
--

-- --------------------------------------------------------

--
-- Table structure for table `colony_master`
--

CREATE TABLE `colony_master` (
  `Colony_code` varchar(7) NOT NULL,
  `Colony_name` varchar(50) NOT NULL
) ENGINE=InnoDB DEFAULT CHARSET=utf8mb4;

--
-- Dumping data for table `colony_master`
--

INSERT INTO `colony_master` (`Colony_code`, `Colony_name`) VALUES
('0500001', 'EAST COLONY'),
('0500002', 'DALKI COLONY'),
('0500003', 'LOCO COLONY'),
('0500004', 'STATION COLONY'),
('0500005', 'AGT COLONY'),
('0500006', 'NEW COLONY'),
('0500007', '26TH COLONY'),
('0500008', 'AMBARI'),
('0500009', 'ELECTRIC COLONY'),
('0500010', 'UZANBAZAR COLONY'),
('0500011', 'KALIBARI/ GHY MODEL COLONY'),
('0500012', 'TRAFFIC COLONY'),
('0500013', 'KUKURMUTHA COLONY'),
('0500014', 'BHARALUMUKH '),
('0500015', 'WEST NAMBARI'),
('0500016', 'SARADA COLONY'),
('0500017', 'NVP COMPLEX/RPF COLONY'),
('0500018', 'NAMBARI  '),
('0500019', 'GOSALA'),
('0500020', 'B.G. COLONY'),
('0500021', 'STATION COLONY'),
('0500022', 'ADARSHA COLONY'),
('0500023', 'TEACHERS COLONY'),
('0500024', 'WEST GOTANAGAR'),
('0500025', 'NGC'),
('0500026', 'NNGE'),
('0500027', 'SATGAON'),
('0500028', 'SHILLONG/ SMITH  HILL'),
('0500029', 'WEST MALIGAON'),
('0500030', 'EAST MALIGAON'),
('0500031', 'CENTRAL GOTANAGAR'),
('0500032', 'EAST GOTANAGAR'),
('0500033', 'NEW COLONY'),
('0500034', 'INSTITUTE COLONY'),
('0500035', '3RD FG COLONY'),
('0500036', '4TH FG COLONY'),
('0500037', '5TH FG COLONY'),
('0500038', '6TH FG COLONY'),
('0500039', 'TRIANGULAR COLONY'),
('0500040', 'LOCO COLONY'),
('0500041', 'SAKUNTALA COLONY'),
('0500042', 'NEW ADABARI COLONY'),
('0500043', 'MODEL COLONY'),
('0500044', 'ADABARI COLONY'),
('0500045', 'BBC COLONY'),
('0500046', 'SHUTTLEGATE COLONY'),
('0500047', 'RESTCAMP COLONY'),
('0500048', 'ACCOUTS COLONY'),
('0500049', 'HATATH COLONY'),
('0500050', 'HARIJAN COLONY'),
('0500051', 'TEMPLE GHAT COLONY'),
('0500052', 'WATER WORKS COLONY'),
('0500053', 'KAMAKHYA COLONY'),
('0500054', 'STATION COLONY');

-- --------------------------------------------------------

--
-- Table structure for table `electric fixed charge`
--

CREATE TABLE `electric fixed charge` (
  `KW` int(3) NOT NULL,
  `Charge` int(5) NOT NULL
) ENGINE=InnoDB DEFAULT CHARSET=utf8mb4;

--
-- Dumping data for table `electric fixed charge`
--

INSERT INTO `electric fixed charge` (`KW`, `Charge`) VALUES
(1, 50),
(2, 100),
(3, 150),
(4, 200),
(5, 250);

-- --------------------------------------------------------

--
-- Table structure for table `electric rate table`
--

CREATE TABLE `electric rate table` (
  `from_unit` int(11) NOT NULL,
  `to_unit` int(11) NOT NULL,
  `Rate/unit` float NOT NULL,
  `Unit type` varchar(10) NOT NULL DEFAULT 'H'
) ENGINE=InnoDB DEFAULT CHARSET=utf8mb4;

--
-- Dumping data for table `electric rate table`
--

INSERT INTO `electric rate table` (`from_unit`, `to_unit`, `Rate/unit`, `Unit type`) VALUES
(0, 120, 4.38, 'H'),
(121, 240, 6.75, 'H'),
(241, 360, 7.8, 'H'),
(361, 480, 7.38, 'H');

-- --------------------------------------------------------

--
-- Table structure for table `electric transaction`
--

CREATE TABLE `electric transaction` (
  `Sl No` int(11) NOT NULL,
  `Qtr_ID` varchar(50) NOT NULL,
  `EmpNo` varchar(11) NOT NULL,
  `EmpName` varchar(50) NOT NULL,
  `Qtr_No` varchar(20) NOT NULL,
  `Prev read` int(20) NOT NULL,
  `Prev Date` varchar(10) DEFAULT NULL,
  `Current read` int(20) NOT NULL,
  `Current Date` varchar(10) DEFAULT NULL,
  `Unit consumed` int(11) NOT NULL,
  `Elec_charge` float NOT NULL,
  `Fixed_charge` float NOT NULL,
  `Total charge` float NOT NULL,
  `Flag` tinyint(1) NOT NULL DEFAULT 0
) ENGINE=InnoDB DEFAULT CHARSET=utf8mb4;

--
-- Dumping data for table `electric transaction`
--

INSERT INTO `electric transaction` (`Sl No`, `Qtr_ID`, `EmpNo`, `EmpName`, `Qtr_No`, `Prev read`, `Prev Date`, `Current read`, `Current Date`, `Unit consumed`, `Elec_charge`, `Fixed_charge`, `Total charge`, `Flag`) VALUES
(1, '0500001010000004', '12101918424', 'R.K.CHAKRAVARTY', '111/D', 0, '09/09/2010', 2, '16/08/2011', 2, 4.38, 1650, 3143.58, 0),
(2, '0500001010000006', '12101938174', 'UJJAL SARKAR', '100/C', 0, '02/01/2020', 6, '16/08/2020', 6, 4.38, 1200, 2194.26, 0),
(3, '0500001010000007', '12101946298', 'ANUPAMA    DEKA', '93/C', 0, '28/02/2020', 70, '16/08/2021', 70, 4.38, 4500, 6843.3, 0),
(4, '0500001010000003', '12101909198', 'MUKHTAR HUSSAIN', '107/D', 0, '13/12/2020', 30, '16/08/2021', 30, 4.38, 1200, 2277.48, 0),
(5, '0500001010000002', '12101534853', 'ABHIJIT GHOSH', '9/C', 0, '06/05/2018', 20, '16/08/2021', 20, 4.38, 4000, 9247.24, 0),
(6, '0500001010000005', '12101937042', 'SHAMIK GHOSH', '16/0', 0, '11/01/2018', 50, '16/08/2021', 50, 4.38, 4400, 10150.9, 0),
(7, '0500001010000001', '12101169476', 'PRAMOD KR. SINGH', '13/C', 0, '12/08/2019', 5, '16/08/2021', 5, 4.38, 6000, 9219.3, 0),
(8, '0500001010000009', '12102028591', 'KISHORE  BHATTACHARJEE', '193/A', 0, '14/05/2019', 90, '16/08/2021', 90, 4.38, 1350, 4963.5, 0),
(9, '0500001010000008', '12102020178', 'SANJAY KR SRIVASTAVA', '101/C', 0, '15/03/2011', 80, '16/08/2021', 80, 4.38, 25400, 42074.7, 0),
(10, '05000010100000010', '12104164660', 'SAJAL CHANDRA ROY', '5/A', 0, '31/05/2020', 100, '16/08/2021', 100, 4.38, 3000, 4935.96, 0);

-- --------------------------------------------------------

--
-- Table structure for table `employee_master`
--

CREATE TABLE `employee_master` (
  `EmpNo` varchar(11) NOT NULL,
  `Name` varchar(30) NOT NULL,
  `Designation` varchar(50) NOT NULL,
  `BillUnit` varchar(7) NOT NULL,
  `Station` varchar(10) NOT NULL
) ENGINE=InnoDB DEFAULT CHARSET=utf8mb4;

--
-- Dumping data for table `employee_master`
--

INSERT INTO `employee_master` (`EmpNo`, `Name`, `Designation`, `BillUnit`, `Station`) VALUES
('12101169476', 'PRAMOD KR. SINGH', 'SAO', '0561071', 'NJP'),
('12101534853', 'ABHIJIT GHOSH', 'XEN', '0561619', 'MLGN'),
('12101909198', 'MUKHTAR HUSSAIN', 'Sr. SO Acct', '0561060', 'MLGN'),
('12101918424', 'R.K.CHAKRAVARTY', 'Sr.AFA', '0561070', 'MLGN'),
('12101937042', 'SHAMIK GHOSH', 'Sr.AFA', '0561070', 'MLGN'),
('12101938174', 'UJJAL SARKAR', 'Sr.AFA', '0561070', 'MLGN'),
('12101946298', 'ANUPAMA    DEKA', 'PA', '0561060', 'MLGN'),
('12102020178', 'SANJAY KR SRIVASTAVA', 'Sr.AFA', '0561070', 'MLGN'),
('12102028591', 'KISHORE  BHATTACHARJEE', 'SSE (ELEC)', '0561252', 'MLGN'),
('12104164660', 'SAJAL CHANDRA ROY', 'Dy.CEE', '0561251', 'SCL'),
('12104183101', 'KALPATARU MAZUMDER', 'Sr.SV', '0561060', 'MLGN'),
('12104214158', 'OMPRAKASH YADAV', 'AA', '0561060', 'MLGN'),
('12104229629', 'MD. RAZAB AHMED', 'SSE (ELEC)', '0561252', 'MLGN'),
('12106009815', 'DILIP BORAH', 'AFA', '0561070', 'MLGN'),
('12129800005', 'UTTAM RAJ MAGOR', 'HELPER ELEC', '0519267', 'NGC'),
('12129800107', 'SIMANSA BARO', 'KHALASI HELPER', '0519268', 'GHY'),
('12129800145', 'SIKANDAR BASFORE', 'KHALASI HELPER', '0519265', 'GHY'),
('12129800157', 'KARUNA KANTA RAY', 'HELPER ELEC', '0519265', 'GHY'),
('12129800242', 'R KUMAR', 'KHALASI HELPER', '0519452', 'GHY'),
('121NP000739', 'SURASH MAITY', 'KHALASI HELPER', '0519452', 'GHY'),
('121NP000928', 'MONALISHA  BARMAN', 'OS', '0519349', 'PNO'),
('121NP001056', 'MISS  RITU  KUMARI  DARJEE', 'KHALASI HELPER', '0519708', 'GHY'),
('121NP001150', 'CHAKKA RAMANI', 'KHALASI HELPER', '0519272', 'KYQ'),
('121NP001506', 'SHAMBHU  KUMAR', 'KHALASI HELPER', '0519272', 'KYQ'),
('121NP001894', 'SMT PARRI BHAGYALAKSHMI', 'B.PEON', '0561825', 'MLGN'),
('121NP001904', 'PUTCHA SHIVA PRASAD', 'KHALASI HELPER', '0519272', 'KYQ'),
('121NP001906', 'SANTOSH KUMAR PATRA', 'KHALASI HELPER', '0519274', 'MLGN'),
('121NP001908', 'PARTHA PRATIM DAS', 'AEN', '0561601', 'AIJ'),
('121NP001924', 'BIKRAM MALAKAR', 'HELPER', '0519274', 'MLGN'),
('121NP001929', 'MUNNA KUSHWAHA', 'KHALASI HELPER', '0519272', 'KYQ'),
('12221506437', 'SARADI KACHARI', 'KHALASI HELPER', '0519706', 'GHY'),
('12241208304', 'RAM KUMAR', 'INSTR. (MECH)', '0519423', 'GHY'),
('12303504207', 'MRINAL JYOTI SARMA', 'KH HELPER', '0519267', 'GHY'),
('12400193422', 'NAGEN LALUNG', 'GEN.ASST(ENG)', '0519360', 'GHY'),
('12400552914', 'VIJAY KR YADAV', 'TECH-I(ELECT)', '0519269', 'KYQ'),
('12401082206', 'RANJIT KR.DAS', 'KHALASI HELPER', '0519273', 'GHY'),
('12401108232', 'DWIPEN KALITA', 'AA', '0519002', 'GHY'),
('12401406310', 'KISHAN SHARMA', 'FITTER-I', '0519273', 'GHY'),
('12401431225', 'RATAN SUTRADHAR', 'Sr.TECH(FITTER)', '0519451', 'GHY'),
('12401527459', 'KABERI MAJUMDAR', 'Ch.OS', '0519349', 'GHY'),
('12401876041', 'BHABA PRADHAN', 'Sr.TECH. MASON', '0519360', 'GHY'),
('12401876338', 'UPENDRA LAL DEB', 'Sr.TECH(ELECT)', '0519278', 'GHY'),
('12401880500', 'DIPAK CH DAS', 'Ch.OS', '0519276', 'GHY'),
('12401883732', 'KARNA  RAM  KUMAR', 'Sr.TECH. MASON', '0519359', 'GHY'),
('12401884906', 'CHANDRA BALLI YADAV', 'FITTER-II', '0519361', 'GHY'),
('12401888778', 'KAJAL CHANDRA DAS', 'Sr.TECH(FITTER)', '0519265', 'GHY'),
('12401888780', 'JAGADISH CH BHATTA', 'OS', '0519267', 'GHY'),
('12401890177', 'DHYAN JYOTI DAS', 'Ch.OS', '0519423', 'GHY'),
('12401890220', 'HARI  BAHADUR  CHHETRY', 'Sr.TECH. CARPENTER', '0519359', 'GHY'),
('12401893750', 'DWIJENDRA NATH MALAKAR', 'Sr.TECH(FITTER)', '0519451', 'GHY'),
('12401893762', 'MRIGEN MALAKAR', 'Sr.TECH(FITTER)', '0519451', 'GHY'),
('12401893774', 'RABIN CH BANIA', 'Sr.TECH(FITTER)', '0519451', 'GHY'),
('12401894614', 'GANESH BASFORE', 'GEN.ASST(ENG)', '0519360', 'GHY'),
('12401894640', 'PILLI RAMULAMA', 'ASST(WORKS)', '0519361', 'GHY'),
('12401894651', 'R TEREJA', 'H.KEEPING.ASST(ENG)', '0519360', 'GHY'),
('12401894687', 'KALU DAS', 'HELPER', '0519354', 'GHY'),
('12401896167', 'LAGAN DEO PRASAD', 'Sr.TECH(ELECT)', '0519263', 'GHY'),
('12401896982', 'BAIJU BASFORE', 'TECH-I(ELECT)', '0519263', 'GHY'),
('12401897093', 'SRI POTNURU APPARAO', 'Sr.TECH(FITTER)', '0519272', 'KYQ'),
('12401897410', 'BIREN MECH', 'Sr.TECH(FITTER)', '0519354', 'GHY'),
('12401897780', 'GUNA KANTA DAS', 'Sr.TECH(FITTER)', '0519451', 'GHY'),
('12401898413', 'DULAL DAS', 'Sr.TECH. MASON', '0519360', 'GHY'),
('12401899661', 'BHASKAR DEKA', 'Sr.TECH(FITTER)', '0519451', 'GHY'),
('12401899697', 'SISIR KR MAJUMDER', 'Sr.TECH(FITTER)', '0519451', 'GHY'),
('12401899703', 'DHIREN DAS', 'JE (DIESEL)', '0519423', 'GHY'),
('12401899739', 'SUBRATA GHOSH', 'Sr.TECH(FITTER)', '0519451', 'GHY'),
('12401899764', 'SRI GOLAP CHANDRA HAZARIKA', 'Sr.TECH(FITTER)', '0519451', 'GHY'),
('12401899790', 'AKSHOY ROY', 'SSE (DIESEL)', '0519423', 'GHY'),
('12401899806', 'SRI SANTANU KR DAS', 'Sr.TECH(FITTER)', '0519451', 'GHY'),
('12401900109', 'SABBAR ALI', 'TECH-II(ELECT)', '0519263', 'GHY'),
('12401900249', 'KHAGEN HAJONG', 'Sr.TECH(FITTER)', '0519274', 'GHY'),
('12401901217', 'T KAMRAJU', 'Sr.TECH(FITTER)', '0519273', 'GHY'),
('12401901229', 'BANIKANNA RAO', 'Sr.TECH(ELECT)', '0519265', 'GHY'),
('12401902349', 'RAM NARESH PRASAD', 'HELPER', '0519354', 'GHY'),
('12401902921', 'SRI GAUTAM SARMA', 'FITTER-III', '0519354', 'GHY'),
('12401902994', 'SAHEN CHANDRA  NARZARY', 'Sr.TECH(FITTER)', '0519268', 'GHY'),
('12401904334', 'ASWINI KR.DAS', 'Sr.FILTER-OPTR', '0519359', 'GHY'),
('12401905661', 'BIRANANDA BISWAS', 'Sr.TECH(FITTER)', '0519361', 'GHY'),
('12401905727', 'KAMALA KANTA RABHA', 'Sr.MALI', '0519353', 'GHY'),
('12401905752', 'PABAN KR SEAL', 'KHALASI HELPER', '0519357', 'GHY'),
('12401905764', 'SWAPAN KUMAR DEY', 'TECH.CARPENTER-III', '0519360', 'GHY'),
('12401905788', 'RAJU RAM RAJGAR', 'Sr.TECH. CARPENTER', '0519361', 'GHY'),
('12401906343', 'ASHOK CHAKRABORTY', 'OS', '0519423', 'GHY'),
('12401906604', 'NAGEN CH DAS', 'Sr.TECH(FITTER)', '0519451', 'GHY'),
('12401906630', 'N N GOSWAMI', 'Sr.TECH(FITTER)', '0519451', 'GHY'),
('12401906653', 'NIKUNJA KR DAS', 'Sr.TECH(FITTER)', '0519451', 'GHY'),
('12401906665', 'HIRANYA SHARMAH', 'Sr.TECH(FITTER)', '0519451', 'GHY'),
('12401906689', 'BHABIN CH BARMAN', 'Sr.TECH(FITTER)', '0519451', 'GHY'),
('12401906707', 'SIVANGI NARAYANA RAO', 'FITTER-I', '0519451', 'GHY'),
('12401907268', 'CHANDRADHAR BAISHYA', 'FITTER-III', '0519354', 'GHY'),
('12401907608', 'BIPIN BASFORE', 'FITTER-I', '0519451', 'GHY'),
('12401907610', 'MARRA DURGA NAIDU', 'FITTER-I', '0519451', 'GHY'),
('12401907724', 'ANIL CH DAS', 'SSE (DIESEL)', '0519423', 'GHY'),
('12401907750', 'BIMAN CH DUTTA', 'SR. TECH', '0519451', 'GHY'),
('12401907773', 'SAYEDUR RAHMAN', 'Sr.TECH(FITTER)', '0519451', 'GHY'),
('12401907785', 'ABDUL LATIF', 'SSE (DIESEL)', '0519423', 'GHY'),
('12401907797', 'MD S C MAHAMMAD', 'Sr.TECH(FITTER)', '0519451', 'GHY'),
('12401907827', 'CHANDRA KT SARMAH', 'Sr.TECH(FITTER)', '0519451', 'GHY'),
('12401907852', 'BALENDRA NATH BASUMATARY', 'Sr.TECH(FITTER)', '0519451', 'GHY'),
('12401908054', 'DILIP MAJUMDER', 'FITTER-I', '0519351', 'GHY'),
('12401908674', 'BAIJ NATH KAMAD', 'Sr.TECH(ELECT)', '0519268', 'KYQ'),
('12401908844', 'PRABODH CH. PATOWARY', 'Sr.TECH(FITTER)', '0519451', 'GHY'),
('12401908935', 'PABAN CH RABHA', 'Sr.TECH(FITTER)', '0519451', 'GHY'),
('12401909101', 'BANI KANTA DAS', 'Sr.TECH(FITTER)', '0519451', 'GHY'),
('12401909125', 'BINOD BORMAN', 'Sr.TECH(FITTER)', '0519451', 'GHY'),
('12401909708', 'RATAN SAGAR MAHANTI', 'TECH-III(ELECT)', '0519274', 'GHY'),
('12401909952', 'B APPARAO', 'FITTER (MCM)', '0519357', 'GHY'),
('12401910085', 'HARI BANDHU NAYAK', 'TECH-I(ELECT)', '0519269', 'GHY'),
('12401911326', 'DHARAM RAJBHAR', 'TECH-III(ELECT)', '0519274', 'GHY'),
('12401911454', 'UTTAM TALUKDAR', 'Ch.OS', '0519423', 'GHY'),
('12401911521', 'HEM CHARAN BORO', 'Sr.TECH(FITTER)', '0519265', 'GHY'),
('12401911533', 'NAGENDRA BASUMATARY', 'Sr.TECH(ELECT)', '0519267', 'GHY'),
('12401911557', 'KAMAL CH BORO', 'Sr.TECH(FITTER)', '0519267', 'GHY'),
('12401911569', 'PABITRA KR RABHA', 'FITTER-I', '0519267', 'GHY'),
('12401911600', 'KAMALESWAR BORO', 'Sr.TECH(ELECT)', '0519278', 'MLGN'),
('12401911636', 'BIRU RAM BORO', 'FITTER-I', '0519263', 'GHY'),
('12401911648', 'MD NUR AHMED', 'Sr.TECH(ELECT)', '0519267', 'GHY'),
('12401911922', 'KRISHNA CH. MANDAL', 'SSE (WORKS)', '0519344', 'GHY'),
('12401912641', 'RUPAK BORAH', 'Ch.OS', '0519423', 'GHY'),
('12401912999', 'PRABIR KR ROY', 'FITTER-I', '0519451', 'GHY'),
('12401913062', 'NABIN CH DEKA', 'Sr.TECH(FITTER)', '0519451', 'GHY'),
('12401913116', 'SUCHENDRA NATH DAS', 'Sr.TECH(FITTER)', '0519451', 'GHY'),
('12401913128', 'MRINAL KR BORA', 'Sr.TECH(FITTER)', '0519451', 'GHY'),
('12401913189', 'KAMALESWAR BARMAN', 'Sr.TECH(FITTER)', '0519451', 'GHY'),
('12401913207', 'BALENDRA RAMCHIARY', 'Sr.TECH(FITTER)', '0519451', 'GHY'),
('12401913281', 'PABITRA KR DAS', 'JE (DIESEL)', '0519423', 'GHY'),
('12401913293', 'D K CHOUDHURY', 'Sr.TECH(FITTER)', '0519451', 'GHY'),
('12401913402', 'PRAMOD CH DAS', 'SSE (ELEC)', '0519273', 'GHY'),
('12401913414', 'MAHIM CH LALUNG', 'Sr.TECH(ELECT)', '0519268', 'GHY'),
('12401913438', 'JOGESWAR BORO', 'Sr.TECH(ELECT)', '0519268', 'GHY'),
('12401913463', 'RABINDRA KR DAS', 'SSE (ELEC)', '0519273', 'GHY'),
('12401913475', 'RAJEN CH BORO', 'TECH.(ELEC)-I', '0519268', 'GHY'),
('12401913487', 'KANAK BORO', 'Sr.TECH(ELECT)', '0519268', 'KYQ'),
('12401913499', 'BAPU RAM BORO', 'Sr.TECH(ELECT)', '0519268', 'GHY'),
('12401913566', 'FURKAN ALI', 'Sr.TECH(ELECT)', '0519273', 'GHY'),
('12401913657', 'BARUN CH NATH', 'Sr.TECH(ELECT)', '0519268', 'KYQ'),
('12401913669', 'GIRISH CH DAS', 'Sr.TECH(ELECT)', '0519268', 'GHY'),
('12401913700', 'BISWAJIT KR BISWAS', 'Sr.TECH(ELECT)', '0519269', 'GHY'),
('12401913712', 'BAPPI JESWARA', 'Sr.TECH(ELECT)', '0519268', 'GHY'),
('12401913748', 'BHAGI RAM MEKAR', 'Sr.TECH(ELECT)', '0519268', 'GHY'),
('12401913750', 'BIJOY KR DAS', 'Sr.TECH(FITTER)', '0519268', 'GHY'),
('12401913761', 'NIROD BARAN SAHA', 'Sr.TECH.(TXR)', '0519269', 'KYQ'),
('12401913773', 'BISWAJIT CHATTERJEE', 'Sr.TECH(ELECT)', '0519268', 'GHY'),
('12401913785', 'SAMIN CH DAS', 'Sr.TECH(ELECT)', '0519268', 'GHY'),
('12401913797', 'BHABEN CH KACHARI', 'Sr.TECH(ELECT)', '0519268', 'KYQ'),
('12401913803', 'BIDYUT DEY', 'Sr.TECH(ELECT)', '0519268', 'GHY'),
('12401913827', 'RANJIT KR DAS', 'Sr.TECH(ELECT)', '0519269', 'GHY'),
('12401913876', 'RAJKUMAR PASWAN', 'FITTER-III', '0519268', 'GHY'),
('12401913955', 'SMT RINA TALUKDAR', 'Ch.OS', '0519276', 'GHY'),
('12401914728', 'PRAFULLA CHOWDHURY', 'Sr.TECH(ELECT)', '0519273', 'GHY'),
('12401914959', 'SONESWAR SWARGIARY  NO2', 'HELPER', '0519360', 'GHY'),
('12401914972', 'PRASEN PHANGSA', 'FITTER-III', '0519274', 'GHY'),
('12401914996', 'MD MAJIBUR RAHMAN', 'Sr.TECH(ELECT)', '0519278', 'GHY'),
('12401915009', 'HITESH CH DAS', 'Sr.TECH(FITTER)', '0519263', 'GHY'),
('12401915034', 'PRADIP  BHATTACHERJEE', 'TECH-III(ELECT)', '0519263', 'GHY'),
('12401915046', 'SRI DINESH SINGH', 'SR.TECH.(ELEC)', '0519272', 'KYQ'),
('12401915186', 'PRADIP CH DAS', 'Sr.TECH(PAINTER)', '0519361', 'GHY'),
('12401915198', 'SHYAMAL SARKAR', 'Sr.TECAF', '0519361', 'GHY'),
('12401916040', 'HARA NATH BASUMATARY', 'ASST(WORKS)', '0519361', 'GHY'),
('12401916075', 'SABITRI KALITA', 'Sr.MALI', '0519353', 'GHY'),
('12401916385', 'DEBABRATA BHATTACHARJEE', 'SR. TECH', '0519451', 'GHY'),
('12401916397', 'DEWAN AKKAS ALI', 'Sr.TECH(FITTER)', '0519451', 'GHY'),
('12401916403', 'SHRIBASH CH DEB', 'Sr.TECH(FITTER)', '0519451', 'GHY'),
('12401916427', 'PRANAP BRAHMA', 'Sr.TECH(FITTER)', '0519451', 'GHY'),
('12401916490', 'JITEN CHANDRA BASUMATARY', 'Sr.TECH(FITTER)', '0519451', 'GHY'),
('12401916520', 'SRI BHOLA PODDER', 'TECH.(ELEC)-I', '0519272', 'KYQ'),
('12401916543', 'PRADIP KR DAS NO 2', 'SSE (DIESEL)', '0519423', 'GHY'),
('12401916646', 'JAYANTA KUMAR RABHA', 'Ch.OS', '0519423', 'GHY'),
('12401917195', 'DEBASHIS MUKHERJEE', 'SSE (DIESEL)', '0519423', 'GHY'),
('12401917286', 'KARTICK CHANDRA DAS', 'OS', '0519276', 'GHY'),
('12401917365', 'SUJIT KUMAR', 'KHALASI HELPER', '0519357', 'GHY'),
('12401917663', 'SAMAR BHATTACHARJEE', 'OS', '0519255', 'GHY'),
('12401917780', 'JITEN CHANDRA BORO', 'Sr.CHOWKIDAR', '0519359', 'MLGN'),
('12401917791', 'PRADIP KUMAR DAS', 'TECH(PAINTER)-I', '0519360', 'GHY'),
('12401917894', 'HAREN CH BORO', 'Sr.TECH(PAINTER)', '0519359', 'GHY'),
('12401917924', 'DEBEN CH DAS', 'Sr.TECH. MASON', '0519361', 'GHY'),
('12401917950', 'SWAPAN ROY SUTRADHAR', 'Sr.CHOWKIDAR', '0519360', 'GHY'),
('12401917985', 'INDRADEW DAS', 'TECH.CARPENTER-I', '0519360', 'GHY'),
('12401918000', 'ANIL BONGJUNG', 'TECH.(MASON)-III', '0519360', 'GHY'),
('12401918011', 'LAPCHA PRASAD RAMCHIARY', 'SR. TECH', '0519359', 'GHY'),
('12401918047', 'JAGAT BORO', 'TECH(PAINTER)-III', '0519361', 'GHY'),
('12401918059', 'BISWA NATH HAJONG', 'TECH.CARPENTER-III', '0519360', 'GHY'),
('12401918060', 'ANANDA RABHA', 'Sr.TECH. MASON', '0519359', 'GHY'),
('12401918084', 'LANKESWAR DAS', 'FITTER-I', '0519361', 'GHY'),
('12401918096', 'NAGEN INJAL', 'TECH.CARPENTER-III', '0519360', 'GHY'),
('12401918114', 'PROMOD CHANDRA DAS', 'FITTER-III', '0519360', 'GHY'),
('12401918151', 'DILIP KUMAR BORO', 'FITTER-III', '0519360', 'GHY'),
('12401918175', 'STARSON SANGMA', 'HELPER', '0519360', 'GHY'),
('12401918187', 'LACHIT BASUMATARY', 'Sr.BLACK SMITH', '0519356', 'GHY'),
('12401918333', 'ANIL CH MAJUMDAR', 'Sr.TECH(FITTER)', '0519267', 'GHY'),
('12401919064', 'BIJOY BALAK ROY', 'TECH-I(ELECT)', '0519273', 'GHY'),
('12401919180', 'ASHISH SARKAR', 'TECH-I(ELECT)', '0519268', 'KYQ'),
('12401919271', 'SWAPAN KR DAS', 'Sr.TECH(FITTER)', '0519451', 'GHY'),
('12401919295', 'PAVADA APPALANARSAMMA', 'TECH.CARPENTER-III', '0519361', 'GHY'),
('12401919430', 'HIRALAL BHAR', 'TECH-II(ELECT)', '0519267', 'GHY'),
('12401919477', 'NARAYAN JHA', 'TECH-II(ELECT)', '0519267', 'GHY'),
('12401919490', 'MANASH CH DEY', 'TECH-II(ELECT)', '0519267', 'GHY'),
('12401919556', 'MANINDRA ASHOK CHOWDHURY', 'TECH-II(ELECT)', '0519265', 'GHY'),
('12401919970', 'BHABESH GOSWAMI', 'Ch.OS', '0519347', 'GHY'),
('12401919982', 'MD RAUFUL ISLAM', 'Ch.OS', '0519349', 'GHY'),
('12401920066', 'UPEN INGTI', 'Sr.TECH. MASON', '0519356', 'GHY'),
('12401920078', 'BHUBANESWAR INGTI', 'FITTER-I', '0519357', 'GHY'),
('12401920479', 'BHUPEN CH RABHA', 'Sr.TECH(ELECT)', '0519267', 'GHY'),
('12401920509', 'KAMALA KT BORO NO 2', 'TECH-II(ELECT)', '0519267', 'GHY'),
('12401920674', 'DEBAKANTA DOLEY', 'FILTER OPTR-III', '0519359', 'GHY'),
('12401920844', 'PRADIP KR. BISWAS', 'HELPER', '0519263', 'GHY'),
('12401920984', 'RAMA KANTA KALITA', 'Sr.TECH(FITTER)', '0519451', 'GHY'),
('12401921009', 'CHANDAN KR DAS', 'SSE (DIESEL)', '0519423', 'GHY'),
('12401921010', 'KHITISH CH DAS', 'Sr.TECH(FITTER)', '0519451', 'GHY'),
('12401921034', 'TULENDRA DAS', 'Sr.TECH(FITTER)', '0519451', 'GHY'),
('12401921060', 'MANJIT MEDHI', 'Sr.TECH(FITTER)', '0519451', 'GHY'),
('12401921071', 'DILIP KR DAS', 'SSE (DIESEL)', '0519423', 'GHY'),
('12401921137', 'MUNINDRA BORA', 'SR. TECH', '0519451', 'GHY'),
('12401921149', 'RAJDHAR RABHA', 'Sr.TECH(FITTER)', '0519451', 'GHY'),
('12401921186', 'BHAIRAB BARMAN', 'Sr.TECH(FITTER)', '0519451', 'GHY'),
('12401921204', 'PROMOD BORGOHAIN', 'Sr.TECH(FITTER)', '0519451', 'GHY'),
('12401921241', 'SARBESWAR SWARGIARY', 'Sr.TECH(FITTER)', '0519451', 'GHY'),
('12401921277', 'NAGEN TALUKDAR', 'Sr.TECH(FITTER)', '0519451', 'GHY'),
('12401921290', 'SUJIT KR DAS', 'Sr.TECH(FITTER)', '0519451', 'GHY'),
('12401921411', 'KARUNA KT BARMAN', 'SR. TECH', '0519451', 'GHY'),
('12401921447', 'SARBANANDA DAS', 'SR. TECH', '0519451', 'GHY'),
('12401921629', 'JUGAL CH DAS', 'SR.TECH.(ELEC)', '0519273', 'GHY'),
('12401921800', 'TARUN CH BORO', 'TECH-I(ELECT)', '0519263', 'GHY'),
('12401921824', 'RATNESWAR DAS', 'TECH-I(ELECT)', '0519278', 'GHY'),
('12401921836', 'JITEN CH MEDHI', 'TECH-I(ELECT)', '0519263', 'GHY'),
('12401921861', 'HALI RAMCHIARY', 'TECH-I(ELECT)', '0519263', 'GHY'),
('12401922361', 'CHINU DAS', 'TECH-I(ELECT)', '0519272', 'KYQ'),
('12401922798', 'DIPAK KR BHARALI', 'SSE (ELEC)', '0519276', 'MLGN'),
('12401922816', 'DEVA PRAKASH KALITA', 'SSE (ELEC)', '0519267', 'GHY'),
('12401922877', 'KHANMIL DAS', 'FITTER-I', '0519263', 'GHY'),
('12401922889', 'TARUN CH BORO-2', 'TECH-I(ELECT)', '0519263', 'GHY'),
('12401922920', 'BENUDHAR RABHA', 'Sr.TECH(ELECT)', '0519265', 'GHY'),
('12401923080', 'SATISH CH BORO', 'Ch.OS', '0519348', 'GHY'),
('12401923249', 'R K MAHATO', 'TECH.(ELEC)-I', '0519268', 'GHY'),
('12401923500', 'HRISHI KESH DEV MISRA', 'SSE (WORKS)', '0519347', 'GHY'),
('12401923559', 'GANGA SAHA', 'PLF-I', '0519360', 'GHY'),
('12401923675', 'DILIP CH DAS', 'Sr.FILTER-OPTR', '0519359', 'GHY'),
('12401923705', 'PRADIP KUMAR BORO', 'TECH-II(ELECT)', '0519278', 'GHY'),
('12401923730', 'GUNADHAR BORO', 'TECH-I(ELECT)', '0519274', 'GHY'),
('12401923778', 'GHANSHYAM DAS', 'Sr.TECH(FITTER)', '0519263', 'GHY'),
('12401923791', 'MUKUT CH DAS', 'TECH.(ELEC)-I', '0519274', 'GHY'),
('12401923808', 'BINOD CH DAS', 'TECH.(ELEC)-I', '0519274', 'GHY'),
('12401924229', 'BANDHU RAM BORO', 'SSE (DIESEL)', '0519423', 'GHY'),
('12401924436', 'NAGENDRA PRASAD MISHRA', 'Ch.OS', '0519423', 'GHY'),
('12401924448', 'NIMAI CHANDA', 'OS', '0519423', 'GHY'),
('12401924564', 'MRITUNJOY DAS', 'FITTER-I', '0519356', 'GHY'),
('12401924771', 'SRI SHYAMANTA DOLOI', 'Sr.TECH(ELECT)', '0519273', 'GHY'),
('12401924837', 'MANABENDRANATH DAS', 'Sr.TECH(FITTER)', '0519707', 'GHY'),
('12401925064', 'ARUP KUMAR DAS', 'Sr.TECH(ELECT)', '0519274', 'GHY'),
('12401926962', 'JITENDRA SAH', 'MV DRIVER-I', '0519349', 'GHY'),
('12401926974', 'TRIBHUVAN KUMAR', 'TECH.(MASON)-III', '0519360', 'GHY'),
('12401927127', 'E L NARAYAN', 'KHALASI HELPER', '0519278', 'GHY'),
('12401927220', 'RISHI RAM UPADHYAY', 'JR CLERK', '0519349', 'GHY'),
('12401927243', 'TEPPULU GANGIYA', 'ASST(WORKS)', '0519361', 'GHY'),
('12401928193', 'NABA KUMAR PATHAK', 'TECH-III(ELECT)', '0519265', 'GHY'),
('12401928223', 'N C KALITA', 'TECH(ELEC)-III', '0519273', 'GHY'),
('12401928260', 'PRAFULLA KR SWAIN', 'TECH-III(ELECT)', '0519278', 'GHY'),
('12401928454', 'GANGA RAJAK', 'FITTER-III', '0519360', 'GHY'),
('12401928466', 'RAM SAHAY RAM', 'TECH.(MASON)-III', '0519360', 'GHY'),
('12401928480', 'VIJAY KR. DAS', 'OS', '0519347', 'GHY'),
('12401928491', 'DIPAK BANIA', 'ASST(WORKS)', '0519360', 'GHY'),
('12401928521', 'HITESWAR DAS', 'FITTER-I', '0519262', 'GHY'),
('12401928533', 'DIMBESWAR DAS', 'OS', '0519269', 'GHY'),
('12401928545', 'ARDHENDU SEKHAR DAS', 'SSE (ELEC)', '0561252', 'MLGN'),
('12401928569', 'RAM CHANDRA DAS', 'TECH-II(ELECT)', '0519263', 'GHY'),
('12401928570', 'JITEN GHOSH', 'TECH-II(ELECT)', '0519263', 'GHY'),
('12401928582', 'HARGOBINDA KUMAR', 'TECH-II(ELECT)', '0519263', 'GHY'),
('12401928612', 'BHABESH CH MEDHI', 'TECH-I(ELECT)', '0519265', 'GHY'),
('12401928685', 'SATYA NARAYAN MANDAL', 'STORE MAN', '0519361', 'GHY'),
('12401928715', 'GANESH PRASAD RAM', 'TECH-III(ELECT)', '0519278', 'GHY'),
('12401928788', 'BASANTA KALITA', 'TECH(PAINTER)-II', '0519361', 'GHY'),
('12401928806', 'W UMA PATHI', 'Sr.TECH. MASON', '0519361', 'GHY'),
('12401928958', 'PRABIR KR SARMA', 'SSE (WORKS)', '0519349', 'GHY'),
('12401928995', 'SERAJ AHMAD', 'JE (ELEC)', '0519269', 'GHY'),
('12401929033', 'RAM MILAN YADAV', 'FITTER-I', '0519357', 'GHY'),
('12401929045', 'NANDA DULAL SAHA', 'FILTER OPTR-II', '0519359', 'GHY'),
('12401929057', 'MD RUSTAM ALI', 'TECH.CARPENTER-III', '0519359', 'GHY'),
('12401929069', 'NARAYAN PROSAD', 'TECH.CARPENTER-III', '0519359', 'GHY'),
('12401929124', 'INDRADEO PASI', 'Sr.TECH(FITTER)', '0519357', 'GHY'),
('12401929318', 'NARAYAN CH TALUKDER', 'TECH.(ELEC)-II', '0519272', 'KYQ'),
('12401929513', 'SUBAL BHOWMICK', 'TECH.CARPENTER-II', '0519356', 'GHY'),
('12401930000', 'RAJESH MINJ', 'AA', '0519002', 'GHY'),
('12401930138', 'ULLASH HAZARIKA', 'SSE (WORKS)', '0519347', 'GHY'),
('12401930151', 'RAJOSHREE BORO', 'Sr. CLERK', '0519349', 'GHY'),
('12401930187', 'GUNADHAR SARMA', 'SSE (WORKS)', '0519348', 'GHY'),
('12401930540', 'RAJENDRA RAJAK', 'FITTER-III', '0519361', 'GHY'),
('12401930722', 'KANIKA SAHA', 'CTO', '0519706', 'GHY'),
('12401930862', 'BIJAN KR DEY', 'Sr. CLERK', '0519346', 'GHY'),
('12401930898', 'TAPAN KR SEN', 'SR. TECH', '0519451', 'GHY'),
('12401930916', 'SHRI  RUPAK  NANDY', 'TECH-III(ELECT)', '0519278', 'GHY'),
('12401931180', 'BINOD', 'KHALASI', '0519273', 'GHY'),
('12401931635', 'SMT RAMA PAUL', 'KHALASI HELPER', '0519278', 'GHY'),
('12401931726', 'SRI SUSIL DAS', 'Sr.TECH(ELECT)', '0519273', 'GHY'),
('12401931738', 'SRI RANJIT DAS', 'TECH-I(ELECT)', '0519272', 'KYQ'),
('12401931751', 'NAREN DAS', 'TECH.(ELEC)-I', '0519273', 'GHY'),
('12401931763', 'K.M.ACHARJEE', 'TECH-I(ELECT)', '0519273', 'GHY'),
('12401931799', 'SRI AJIT BHARALI', 'TECH.(ELEC)-I', '0519263', 'MLGN'),
('12401931805', 'SMTI LALITA BORAH', 'TECH.(ELEC)-I', '0519263', 'MLGN'),
('12401931854', 'P T RAO', 'TECH-III(ELECT)', '0519278', 'GHY'),
('12401931982', 'PABAN CH.KUMAR', 'TECH.CARPENTER-III', '0519359', 'GHY'),
('12401933097', 'S.R.HIRA', 'TECH-I(ELECT)', '0519268', 'KYQ'),
('12401933103', 'LAKSHMI CHOWDHARY', 'TECH.(ELEC)-I', '0519268', 'GHY'),
('12401933231', 'HRIDAYA NAND PRASAD', 'TECH.(MASON)-III', '0519361', 'GHY'),
('12401933243', 'LAKSHMAN SAH', 'FITTER-III', '0519361', 'GHY'),
('12401933267', 'HEMANTA CHANDRA BORO', 'TECH.CARPENTER-III', '0519360', 'GHY'),
('12401933279', 'HARESWAR BORO', 'TECH.(MASON)-III', '0519360', 'GHY'),
('12401933292', 'DHARMESWARBASUMATARY', 'TECH.(MASON)-III', '0519360', 'GHY'),
('12401933486', 'J KAMALA', 'TECH(PAINTER)-III', '0519360', 'GHY'),
('12401934144', 'VAKIL PASWAN', 'KHALASI HELPER', '0519273', 'GHY'),
('12401934181', 'SRI RAJU CHETRI', 'TECH.CARPENTER-III', '0519359', 'GHY'),
('12401934211', 'GALI RAMANA', 'FILTER OPTR-I', '0519359', 'GHY'),
('12401934247', 'PRAMESWAR RANGPEE', 'FPO', '0519349', 'GHY'),
('12401934338', 'SRIBASH CH DEY', 'OS', '0519423', 'GHY'),
('12401934454', 'SIKHA KAR', 'TECH(PAINTER)-III', '0519356', 'GHY'),
('12401934697', 'NANDA KISHORE BASFORE', 'KHALASI HELPER', '0519357', 'GHY'),
('12401934909', 'BIMALA BALA DAS', 'TECH-I(ELECT)', '0519269', 'GHY'),
('12401934934', 'A CH ROY', 'TECH.(ELEC)-I', '0519268', 'KYQ'),
('12401934946', 'D.CH.PAUL', 'TECH.(ELEC)-II', '0519268', 'GHY'),
('12401934958', 'DEBASISH ROY', 'TECH.(ELEC)-II', '0519268', 'GHY'),
('12401934995', 'PAPU YADAV', 'TECH.(ELEC)-II', '0519268', 'GHY'),
('12401935010', 'SUMAN TERANG', 'TECH.(ELEC)-I', '0519268', 'GHY'),
('12401935021', 'ASHISH MALAKAR', 'TECH-I(ELECT)', '0519269', 'KYQ'),
('12401935033', 'RANJIT PASWAN', 'TECH-I(ELECT)', '0519273', 'GHY'),
('12401935057', 'REKIBUR RAHMAN', 'TECH-I(ELECT)', '0519272', 'KYQ'),
('12401935069', 'T.CHOUDHURY', 'TECH-I(ELECT)', '0519269', 'KYQ'),
('12401935082', 'JEETEN BASUMATARY', 'TECH-II(ELECT)', '0519274', 'GHY'),
('12401935094', 'JAYANTA KR.DAS', 'TECH-II(ELECT)', '0519274', 'GHY'),
('12401935100', 'MOHAN DEKA', 'TECH-III(ELECT)', '0519278', 'GHY'),
('12401935124', 'KAMINI BORO', 'KHALASI HELPER', '0519263', 'GHY'),
('12401935148', 'RUMI DAS', 'KHALASI HELPER', '0519263', 'GHY'),
('12401935150', 'HARENDRA CH BORO', 'TECH-II(ELECT)', '0519263', 'GHY'),
('12401935215', 'DIPAK KUMAR MACHARY', 'TECH-III(ELECT)', '0519272', 'KYQ'),
('12401935264', 'SADANANDA TAYUNG', 'TECH-III(ELECT)', '0519273', 'GHY'),
('12401935288', 'JYOTIRMOY GUHA', 'TECH-III(ELECT)', '0519273', 'GHY'),
('12401935331', 'SMT PUTULI GOALA', 'HELPER', '0519354', 'GHY'),
('12401935471', 'BHAGRASHAN', 'TECH.(MASON)-III', '0519359', 'GHY'),
('12401935811', 'BALIN KATHAR', 'LAB.ASST.-II', '0519451', 'GHY'),
('12401935835', 'BIPUL BARO', 'SSE (DIESEL)', '0519423', 'GHY'),
('12401935872', 'ABONI KANTA DOLEY', 'Sr.TECH(FITTER)', '0519451', 'GHY'),
('12401936177', 'INDRAJIT BORA', 'TECH-I(ELECT)', '0519265', 'GHY'),
('12401936190', 'SAMBHU RAM', 'SR. TECH', '0519451', 'GHY'),
('12401936359', 'TARAK CHAKRABORTY', 'HELPER', '0519354', 'GHY'),
('12401936840', 'PRABHAT CHOUDHURY', 'TECH-III(ELECT)', '0519263', 'GHY'),
('12401936852', 'GOPAL SARKAR', 'TECH-III(ELECT)', '0519274', 'GHY'),
('12401936864', 'RAMESWAR PRASAD', 'TECH-III(ELECT)', '0519278', 'MLGN'),
('12401936876', 'SANKAR BORO', 'TECH-III(ELECT)', '0519274', 'GHY'),
('12401937029', 'ARATI BORO', 'HELPER', '0519354', 'GHY'),
('12401937091', 'KAJAL SEAL', 'KHALASI HELPER', '0519357', 'GHY'),
('12401937108', 'NALINI DAS', 'KHALASI HELPER', '0519357', 'GHY'),
('12401937169', 'RENU BALA NATH', 'HELPER', '0519359', 'GHY'),
('12401937431', 'UTTAM SINGH', 'OS', '0519349', 'MLGN'),
('12401938150', 'RAJANAISRAYEL', 'Sr.TECH(FITTER)', '0519451', 'GHY'),
('12401939180', 'GUNUKURI VENKAT RAO', 'OS', '0519423', 'GHY'),
('12401939853', 'SUNIL KUMAR RAM', 'FITTER-I', '0519451', 'GHY'),
('12401939968', 'MANESWAR HAJONG', 'TECH-III(ELECT)', '0519278', 'GHY'),
('12401941288', 'A JAYA PRAKASH', 'FITTER-I', '0519451', 'GHY'),
('12401944927', 'RAJU JOSHI', 'HELPER', '0519268', 'GHY'),
('12401945440', 'SHRI PRANAB DAS', 'KHALASI', '0519278', 'GHY'),
('12401946171', 'DIMBESWAR DEKA', 'HELPER', '0519273', 'GHY'),
('12401946729', 'SABUL HAJONG', 'TECH-III(ELECT)', '0519265', 'GHY'),
('12401946780', 'MUNNA PRASAD RAJAK', 'KHALASI HELPER', '0519269', 'KYQ'),
('12401947874', 'DILIP BARMAN', 'HELPER', '0519272', 'KYQ'),
('12402022072', 'MANIK CH NAG', 'CMA', '0519423', 'GHY'),
('12402035625', 'A U TALUKDAR', 'SSE (DIESEL)', '0519423', 'GHY'),
('12402037830', 'PAWAN KR ROUTH', 'FITTER-I', '0519451', 'GHY'),
('12402515489', 'SMT MANJULA DAS', 'CMS', '0519423', 'GHY'),
('12402519331', 'SRI SIRISH KR.GOGOI', 'SSE (ELEC)', '0519278', 'GHY'),
('12403081308', 'H DATTA', 'Sr.TECH.(TXR)', '0519273', 'GHY'),
('12403158410', 'MAHENDRA PRASAD', 'SR. TECH', '0519451', 'GHY'),
('12404087914', 'R C SIKDAR', 'HELPER', '0519708', 'GHY'),
('12404107214', 'INDRA MOHAN DEWRI', '(RUN) CH LI', '0519423', 'GHY'),
('12404119046', 'PRAFULLA SAIKIA', 'Sr.SIG.MAINTAINER', '0519708', 'GHY'),
('12404120747', 'MRINAL CH  KALITA', 'KHALASI HELPER', '0519451', 'GHY'),
('12404120826', 'M S RAO', 'Sr.TECH(FITTER)', '0519451', 'GHY'),
('12404130819', 'PRADIP CHAKRABORTY', 'FITTER-II', '0519451', 'GHY'),
('12404144922', 'DILIP KUMAR DAS', 'TELEPHONE SUPDT.', '0519706', 'GHY'),
('12404149579', 'MAHIRATH DAS', 'Sr.TECH(FITTER)', '0519451', 'GHY'),
('12404149749', 'RATNA KANTA DAS', 'FITTER-I', '0519451', 'GHY'),
('12404153182', 'AMARENDRA MOHAN KALITA', 'Ch.OS', '0519349', 'GHY'),
('12404158787', 'SUMLUANGIR HALAM', 'Sr.TECH(FITTER)', '0519273', 'GHY'),
('12404163977', 'SIBA  PRASAD  GUPTA', 'SSE (MAINT.)', '0519706', 'GHY'),
('12404163990', 'KALYAN DAS', 'SSE (MAINT.)', '0519706', 'GHY'),
('12404164143', 'DULU KUMAR SONAR', 'Sr.TECH(FITTER)', '0519706', 'GHY'),
('12404165597', 'BIDHAN CH BARMAN', 'BLACK SMITH-I', '0519708', 'GHY'),
('12404165627', 'NARAYAN CH NATH', 'Sr.SIG.MAINTAINER', '0519708', 'GHY'),
('12404165755', 'GOURANGA LODH', 'Sr.SIG.MAINTAINER', '0519708', 'GHY'),
('12404165846', 'SIBU RANJAN DEY', 'Sr.SIG.MAINTAINER', '0519708', 'GHY'),
('12404168628', 'J.N.KONWAR', 'Ch.OS', '0519274', 'GHY'),
('12404170295', 'PANKAJ NANDI', 'Sr.TECH(FITTER)', '0519263', 'GHY'),
('12404170532', 'UPENDRA NATH SINGH', 'Sr.TECH(FITTER)', '0519706', 'GHY'),
('12404183060', 'TUSHAR KANTI SEN', 'SSE (MAINT.)', '0519708', 'GHY'),
('12404184713', 'DEEPAK KUMAR BARUAH', 'SSE (WORKS)', '0519349', 'MLGN'),
('12404184920', 'SRI P HAZARIKA', 'STDMECH', '0519708', 'GHY'),
('12404185523', 'JHUNU MAZUMDER', 'TECH-III(ELECT)', '0519272', 'KYQ'),
('12404185638', 'BIMAL CHANDRA DAS', 'Sr.TECH(ELECT)', '0519273', 'GHY'),
('12404186023', 'NARAYAN CH DAS', 'Sr.TM', '0519708', 'GHY'),
('12404187362', 'PRADIP KR ACHARJEE', 'SSE (ELEC)', '0519263', 'GHY'),
('12404187520', 'MITHIRAM PAYENG', 'Sr.TCM', '0519707', 'GHY'),
('12404187570', 'GULAB PRASAD', 'SR. TECH', '0519451', 'GHY'),
('12404188597', 'RUHIT CH BORA', 'MV DRIVER-III', '0519265', 'GHY'),
('12404188986', 'SANKAR CHAKRABORTY', 'SR. TECH', '0519451', 'GHY'),
('12404194056', 'MUKTI RAM DAS', 'SSE', '0519707', 'GHY'),
('12404195231', 'DEBANGSHU ROY', 'SSE (MAINT.)', '0519707', 'GHY'),
('12404197665', 'DIPAK KR BAISHYA', 'Sr.SIG.MAINTAINER', '0519708', 'GHY'),
('12404197689', 'SANJIB KUMAR SARKAR', 'OS', '0519707', 'GHY'),
('12404197690', 'BIMALENDU SHOME', 'AA', '0519002', 'GHY'),
('12404198128', 'N CHANGSON', 'TECH-III(ELECT)', '0519273', 'GHY'),
('12404198220', 'GYAN PRADIP MINZ', 'TELEPHONE SUPDT.', '0519706', 'GHY'),
('12404198244', 'MERRI DHAR', 'CTO', '0519706', 'GHY'),
('12404199560', 'NIRANJAN DEKA', 'HELPER', '0519269', 'GHY'),
('12404200482', 'ABDUL MALEKH', 'Ch.OS', '0519423', 'GHY'),
('12404201012', 'SUBHASIS BHADRA', 'SSE (MAINT.)', '0519706', 'GHY'),
('12404201670', 'MD ABUL HUSSAIN', 'SSE (WORKS)', '0519347', 'GHY'),
('12404201887', 'RANJIT KUMAR DEB', 'Sr.TECH(FITTER)', '0519706', 'GHY'),
('12404202170', 'SHRI SAMIR DEY', 'Sr. SO Acct', '0519002', 'GHY'),
('12404202259', 'UTTAM CH.BORO', 'TECH-I(ELECT)', '0519269', 'GHY'),
('12404204566', 'PURUSHOTTOM MEDHI', 'Sr.SIG.MAINTAINER', '0519708', 'GHY'),
('12404206058', 'CHANDAN KR DEY', 'KHALASI HELPER', '0519263', 'GHY'),
('12404210207', 'MALLIKA DEVI MISRA', 'CTO', '0519706', 'GHY'),
('12404212551', 'MOHAN CH DAS', 'FITTER-I', '0519451', 'GHY'),
('12404212939', 'UTTAM KR DAS', 'KHALASI HELPER', '0519273', 'GHY'),
('12404215278', 'RAMEN BHOWAL', 'SSE (DIESEL)', '0519423', 'GHY'),
('12404219910', 'INDRAJIT SINGH', 'TCM-I', '0519707', 'GHY'),
('12404219922', 'PHULANI DAS', 'HELPER', '0519706', 'GHY'),
('12404219946', 'MINTU HAZARIKA', 'CTO', '0519706', 'GHY'),
('12404220237', 'SRI JIBAN SARKAR', 'HELPER', '0519273', 'GHY'),
('12404221618', 'SANDHYA PARIDA', 'TECH.(MASON)-III', '0519359', 'GHY'),
('12404222301', 'DANDACHI', 'HELPER', '0519354', 'GHY'),
('12404223482', 'PRATYUSH PABAN BARUAH', 'CTO', '0519706', 'GHY'),
('12404224747', 'SAMSUL HAQUE', 'SR. TECH', '0519451', 'GHY'),
('12404224759', 'UMESWAR MEDHI', 'STDMECH', '0519451', 'GHY'),
('12404224772', 'SANJAY DEY', 'FITTER-I', '0519451', 'GHY'),
('12404224991', 'SMT CHAYA DEB', 'TECH-III(ELECT)', '0519269', 'GHY'),
('12404225028', 'SUMAN KALYAN DAS', 'SSE (TELE)', '0519707', 'GHY'),
('12404225879', 'SANTANA GOSWAMI', 'FITTER-I', '0519451', 'GHY'),
('12404227074', 'TAPAN DAS', 'TCM-III', '0519707', 'GHY'),
('12404227815', 'GOBINDA KR.SARMA', 'FITTER-I', '0519451', 'GHY'),
('12404229204', 'SHYAM KR KHAKHLARY', 'Sr.TECH(FITTER)', '0519707', 'GHY'),
('12404231533', 'SRI PARAG KUMAR BURAGOHAIN', 'SSE (ELEC)', '0519278', 'MLGN'),
('12404233451', 'SANJIB KR SARMA', 'LAB.ASST-1', '0519423', 'GHY'),
('12404233542', 'ASMI AHMED', 'SSE (MAINT.)', '0519706', 'GHY'),
('12404234534', 'MANOJ KR.DAS', 'TECH-I(ELECT)', '0519269', 'GHY'),
('12404235629', 'JAMUNA GUNI', 'HELPER', '0519706', 'GHY'),
('12404236154', 'S RAGHU NATH RAO', 'TCM-I', '0519707', 'GHY'),
('12404236166', 'SMT MON MAYA THAPA', 'HELPER', '0519707', 'GHY'),
('12404236671', 'SANJOY SENGUPTA', 'FITTER-I', '0519451', 'GHY'),
('12404236786', 'TARIK UMAR', 'FITTER-I', '0519451', 'GHY'),
('12404238801', 'SUBASH SARMA', 'FITTER-I', '0519451', 'GHY'),
('12404262542', 'RASESWAR  DEBNATH', 'FITTER-I', '0519451', 'GHY'),
('12404271907', 'RANJAN NATH', '(RUN) CH LI', '0519423', 'GHY'),
('12405030067', 'MATHURA SARMAH', 'INSTR. (MECH)', '0519423', 'GHY'),
('12405030810', 'BADRUT ZAMAN', 'JANITOR', '0519345', 'GHY'),
('12405505938', 'DULAL BHATTACHARJEE', 'Sr.TECH(FOM)', '0519351', 'GHY'),
('12405510260', 'NARESWAR KALITA', 'TECH.(MASON)-II', '0519359', 'GHY'),
('12405510806', 'SAJAL SARKAR', 'CH.TELEPHONE OPERATOR-II', '0519706', 'GHY'),
('12405511185', 'MAHI RAM KALITA', 'HELPER', '0519708', 'GHY'),
('12405511392', 'JOGESH KUMAR', 'Sr.SIG.MAINTAINER', '0519708', 'GHY'),
('12405511744', 'TAPAN CHANDRA DEY', 'HELPER', '0519706', 'GHY'),
('12405513078', 'SUNIL KUMAR', 'TECH-I(ELECT)', '0519267', 'GHY'),
('12405513534', 'SIRISH CH DAS', 'Sr.TECH(FITTER)', '0519278', 'GHY'),
('12405514654', 'SURESH KANTI', 'PLUMBER-III', '0519361', 'GHY'),
('12405515361', 'SUCHIT MAHATO', 'Sr.TM', '0519708', 'GHY'),
('12405515981', 'SWADESH KR MANDAL', 'HELPER', '0519354', 'GHY'),
('12405516006', 'DULAL DEY', 'Sr.FILTER-OPTR', '0519359', 'GHY'),
('12405516171', 'THANESWAR KALITA', 'TECH-III(ELECT)', '0519278', 'GHY'),
('12405516274', 'PRADIP CH GAYAN', 'FILTER OPTR-I', '0519359', 'GHY'),
('12405516791', 'MD MAKIBUR RAHAMAN', 'TECH-III(ELECT)', '0519269', 'GHY'),
('12405517850', 'OM BAHADUR THAPA', 'TECH-III(ELECT)', '0519263', 'GHY'),
('12405517965', 'SUDHAN RAM', 'FITTER-III', '0519356', 'GHY'),
('12405518088', 'PRIYALAL DAS', 'FITTER-III', '0519361', 'GHY'),
('12405520393', 'S N RAM', 'Sr.TECH(ELECT)', '0519273', 'GHY'),
('12405520459', 'RATAN LAL ROY', 'FITTER-II', '0519361', 'GHY'),
('12405520745', 'DULAL CH DEY.', 'TECH-I(ELECT)', '0519268', 'GHY'),
('12405520848', 'BHARAT DAS', 'TECH-III(ELECT)', '0519265', 'GHY'),
('12405521105', 'ANJAN CHAKRABORTY', 'FITTER-III', '0519360', 'GHY'),
('12405521750', 'JATIN CH DAS', 'TECH.(ELEC)-I', '0519268', 'GHY'),
('12405521774', 'LOHIT DAS', 'KHALASI HELPER', '0519278', 'GHY'),
('12405521804', 'BHABESH CHANDRA DAS', 'TECH.CARPENTER-III', '0519356', 'GHY'),
('12405522225', 'HARIPADA SARKAR', 'Sr.TECH. CARPENTER', '0519354', 'MLGN'),
('12405522316', 'BASANTA KR KALITA', 'Sr.MALI', '0519353', 'GHY'),
('12405522547', 'SIBU BHATTACHARJEE', 'Sr.MALI', '0519353', 'GHY'),
('12405522584', 'SUBAL KUMAR BHOWMICK', 'TECH.CARPENTER-III', '0519360', 'GHY'),
('12405522894', 'CHAND MAHAMMAD ALI', 'TECH-III(ELECT)', '0519265', 'GHY'),
('12405523072', 'HARA KANTA DAS', 'TECH-III(ELECT)', '0519262', 'GHY'),
('12405523278', 'JOY CHARAN TAMULI', 'Sr.TECH(ELECT)', '0519273', 'GHY'),
('12405523461', 'BHABESH BHUYAN', 'TECH-I(ELECT)', '0519268', 'GHY'),
('12405524118', 'UTTAM PAUL', 'MV CLNR', '0519349', 'GHY'),
('12405526589', 'SRI GOPAL PALIT', 'HELPER', '0519708', 'GHY'),
('12405527790', 'BIPRAJIT CHOWDHURY', 'FITTER-III', '0519708', 'GHY'),
('12405527960', 'DINESH RABHA', 'Sr.TCM', '0519706', 'GHY'),
('12405528010', 'DILIP RN KALITA', 'ESM-I', '0519708', 'GHY'),
('12405529189', 'PRANAB MALAKAR', 'Sr.TECH(FITTER)', '0519278', 'GHY'),
('12405531111', 'DINESH DEKA', 'TECH-I(ELECT)', '0519273', 'GHY'),
('12405531354', 'NAREN CHAKRABORTY', 'FITTER-II', '0519361', 'GHY'),
('12405531470', 'NIRMAL KALITA', 'Sr.TECH(FITTER)', '0519265', 'GHY'),
('12405534124', 'GOPAL KRISHNA CHOWDHURY', 'TECH.CARPENTER-III', '0519361', 'GHY'),
('12405534446', 'RAMLAL MAHATO', 'HELPER', '0519354', 'GHY'),
('12405537666', 'PABITRA KR RABHA', 'FITTER-III', '0519359', 'GHY'),
('12405538683', 'NIRANJAN MALAKAR', 'TECH-I(ELECT)', '0519269', 'GHY'),
('12405539330', 'GAUTAM CHATTERJEE', 'FITTER-III', '0519357', 'GHY'),
('12405540422', 'JOYNAL ALI', 'TECH-III(ELECT)', '0519268', 'GHY'),
('12405546084', 'SACHINDRA PRASAD', 'TECH-III(ELECT)', '0519263', 'GHY'),
('12405546436', 'BISWAJIT SARMA', 'SSE (MAINT.)', '0519708', 'GHY'),
('12405546760', 'PRIYATAM CHOUDHURY', 'Sr.TECH(FITTER)', '0519706', 'GHY'),
('12405548196', 'RANJIT BARMAN', 'TECH-III(ELECT)', '0519274', 'GHY'),
('12405548962', 'KRISHNA CH.SEAL', 'HELPER', '0519272', 'KYQ'),
('12405576805', 'MADHAB KALITA', 'TECH-I(ELECT)', '0519267', 'GHY'),
('12405821332', 'SIBENDU SAMADDER', 'SSE (ELEC)', '0519273', 'GHY'),
('12406002195', 'B.CH.MAHANTA', 'SSE (ELEC)', '0519269', 'GHY'),
('12406006670', 'AMBIKA KR DAS', 'SSE (MAINT.)', '0519707', 'GHY'),
('12406009104', 'RUPJYOTI PATOWARI', 'SSE (WORKS)', '0519348', 'GHY'),
('12406500018', 'ANABICK BARUA', 'TECH-III(ELECT)', '0519268', 'KYQ'),
('12406500020', 'DILIP ORANG', 'TECH-I(ELECT)', '0519273', 'GHY'),
('12406500031', 'KHAGEN BAISHYA', 'Sr.METER READER', '0519267', 'GHY'),
('12406500055', 'P N SINGHA', 'TECH-III(ELECT)', '0519268', 'GHY'),
('12406500079', 'SMT ANIMA RAMCHIARY', 'HELPER', '0519354', 'GHY'),
('12406500080', 'RABINDRA BORO', 'HELPER', '0519354', 'GHY'),
('12406500092', 'HARARAM BORO', 'HELPER', '0519354', 'GHY'),
('12406500122', 'PARRY LAXMI', 'MALI', '0519353', 'GHY'),
('12406500146', 'KANTA RAM BORO', 'Sr.MALI', '0519353', 'GHY'),
('12406500158', 'GANESH PRASAD', 'GEN.ASST(ENG)', '0519359', 'MLGN'),
('12406500171', 'DIPAK KUMAR DAS', 'FITTER-III', '0519360', 'GHY'),
('12406500183', 'TAPASH CHOWDHURY', 'GEN.ASST(ENG)', '0519360', 'GHY'),
('12406500195', 'ANITA DEVI', 'HELPER', '0519359', 'MLGN'),
('12406500201', 'ARCHANA SEAL', 'TECH.(MASON)-III', '0519360', 'GHY'),
('12406500213', 'DADAN YADAV', 'CHOWKIDAR', '0519354', 'PNO'),
('12406500262', 'INDU DEVI', 'TECH(PAINTER)-III', '0519361', 'GHY'),
('12406500286', 'BHAGABAN PRADHAN', 'TECH-III(ELECT)', '0519268', 'GHY'),
('12406500304', 'BINA PANI DEVI', 'AA', '0519002', 'GHY'),
('12406500316', 'JADU TOMANG', 'TECH-III(ELECT)', '0519263', 'GHY'),
('12406500328', 'TUSHAR ROYCHOUDHURY', 'KHALASI HELPER', '0519278', 'GHY'),
('12406500330', 'SRI B BHATTACHARJEE', 'KHALASI HELPER', '0519272', 'KYQ'),
('12406500341', 'S KAM RAJU', 'TECH-I(ELECT)', '0519273', 'KYQ'),
('12406500389', 'B P RAJU', 'TECH-III(ELECT)', '0519273', 'GHY'),
('12406500419', 'BEAUTY BHUYAN', 'TECH-I(ELECT)', '0519273', 'GHY'),
('12406500420', 'S LALA', 'TECH-I(ELECT)', '0519272', 'KYQ'),
('12406500456', 'KUSHAL KUMAR', 'TECH-I(ELECT)', '0519273', 'GHY'),
('12406500468', 'SUBRATA KR.DHAR', 'TECH-III(ELECT)', '0519273', 'GHY'),
('12406500470', 'A KR ACHARJEE', 'TECH-I(ELECT)', '0519273', 'GHY'),
('12406500493', 'GOPAL DEY', 'TECH-III(ELECT)', '0519273', 'GHY'),
('12406500500', 'G S P KURMI', 'TECH-I(ELECT)', '0519273', 'GHY'),
('12406500523', 'PRAHLAD TAMULY', 'TECH-III(ELECT)', '0519273', 'GHY'),
('12406500560', 'HADIS AHMED', 'TECH-III(ELECT)', '0519273', 'GHY'),
('12406500572', 'N K JAISHI', 'KHALASI HELPER', '0519273', 'GHY'),
('12406500596', 'BHIMADEVI CHETRI', 'HELPER', '0519354', 'GHY'),
('12406500602', 'HARESWARI BORO', 'HELPER', '0519354', 'GHY'),
('12406500614', 'SWAPNA DEBNATH', 'HELPER', '0519354', 'GHY'),
('12406500638', 'LAKSHMAN  RAO', 'FITTER-I', '0519451', 'GHY'),
('12406500640', 'MAHADEV HARI', 'FITTER-II', '0519451', 'GHY'),
('12406500675', 'MAHENDRA DAS', 'Sr.TECH(FITTER)', '0519451', 'GHY'),
('12406500699', 'SIKHA  DUTTA', 'FITTER-I', '0519451', 'GHY'),
('12406500705', 'BARKA APPARAO', 'FITTER-I', '0519451', 'GHY'),
('12406500717', 'KHAKAN KR SINGHA', 'PEON', '0519423', 'GHY'),
('12406500729', 'RAJIB BRAHMA', 'PEON', '0519423', 'GHY'),
('12406500730', 'RAMBABU SINGH', 'FITTER-I', '0519451', 'GHY'),
('12406500754', 'GOKULI BALA BORO', 'GEN.ASST(ENG)', '0519360', 'GHY'),
('12406500766', 'ANJU DAS', 'HELPER', '0519351', 'GHY'),
('12406500778', 'SYAD ABDUL SAMAD', 'TL FTTER EHLF-III', '0519351', 'GHY'),
('12406500808', 'DIPALI BORA', 'KHALASI HELPER', '0519357', 'GHY'),
('12406500821', 'SMT GEETA DEVI', 'Sr.MALI', '0519353', 'GHY'),
('12406500833', 'LAKHIMAI S UPADHYA', 'Sr.MALI', '0519353', 'GHY'),
('12406500857', 'SMT SHONO BALA BORO', 'Sr.MALI', '0519353', 'GHY'),
('12406500870', 'MONI DEVI CHETRI', 'MALI', '0519353', 'GHY'),
('12406500882', 'TEK CHAND BALMIKI', 'TECH-II(ELECT)', '0519273', 'GHY'),
('12406500912', 'RIPAN KALITA', 'TECH-III(ELECT)', '0519272', 'KYQ'),
('12406500924', 'SHRI GANGADHAR YADAV', 'TECH-III(ELECT)', '0519272', 'KYQ'),
('12406500950', 'RANJIT KR PASWAN', 'TECH-II(ELECT)', '0519273', 'GHY'),
('12406500961', 'BIKASH BARUA', 'TECH.(ELEC)-I', '0519273', 'GHY'),
('12406500985', 'DILIP MALAKAR', 'TECH-II(ELECT)', '0519273', 'GHY'),
('12406500997', 'BAPPI BISWAS', 'TECH-I(ELECT)', '0519273', 'GHY'),
('12406501000', 'GHANA KANTA GOHAIN', 'TECH-III(ELECT)', '0519272', 'KYQ'),
('12406501011', 'B KAMAKHYA RAO', 'TECH-III(ELECT)', '0519273', 'GHY'),
('12406501059', 'RAM KRI.SUTRADHAR', 'TECH-III(ELECT)', '0519273', 'GHY'),
('12406501060', 'BHANU PATAR', 'KHALASI HELPER', '0519263', 'GHY'),
('12406501072', 'BHODULY BALA BORO', 'KHALASI HELPER', '0519263', 'GHY'),
('12406501084', 'GITA CHOUDHARY', 'HELPER', '0519359', 'GHY'),
('12406501151', 'BIPLOB CHOWDHURY', 'OS', '0519349', 'GHY'),
('12406501217', 'SUKLESWAR KONWAR', 'TECH-III(ELECT)', '0519267', 'GHY'),
('12406501254', 'PARESH BASUMATARY', 'TECH.(ELEC)-I', '0519273', 'GHY'),
('12406501266', 'TINKU CH DEY', 'TECH-III(ELECT)', '0519272', 'KYQ'),
('12406501278', 'JIBAN KRISHNA ROY', 'SSE (ELEC)', '0519263', 'GHY'),
('12406501280', 'TAPAN LAHAKAR', 'SSE (ELEC)', '0519255', 'MLGN'),
('12406501308', 'PANKAJ KR DAS', 'SSE (ELEC)', '0519274', 'GHY'),
('12406501321', 'RAJU KR DAS', 'TECH-III(ELECT)', '0519273', 'GHY'),
('12406501333', 'SANTI HAZARIKA', 'TECH-III(ELECT)', '0519269', 'GHY'),
('12406501357', 'JHALAK SHARMA', 'TECH-II(ELECT)', '0519263', 'GHY'),
('12406501370', 'BIPLAB KR BORAH', 'TECH-I(ELECT)', '0519273', 'GHY'),
('12406501382', 'RAMANI KT BORA', 'TECH-I(ELECT)', '0519273', 'GHY'),
('12406501448', 'SURESH CH KALITA', 'SSE (DIESEL)', '0519423', 'GHY'),
('12406501473', 'BHABA KANTA SAIKIA', 'KHALASI HELPER', '0519273', 'GHY'),
('12406501485', 'KAMAL GOWALA', 'TECH-I(ELECT)', '0519274', 'GHY'),
('12406501497', 'MOHIT KR NANDY', 'OS', '0519263', 'GHY'),
('12406501620', 'SRIKANT RAM', 'TECH-III(ELECT)', '0519268', 'GHY'),
('12406501631', 'RAM PRASAD MANDAL', 'TECH-III(ELECT)', '0519273', 'GHY'),
('12406501643', 'D BHATTACHARJEE', 'KHALASI HELPER', '0519273', 'GHY'),
('12406501655', 'DEVAJIT  SAIKIA', 'SSE (WORKS)', '0519347', 'GHY'),
('12406501680', 'LAKSHMI DAS', 'KHALASI', '0519352', 'GHY'),
('12406501734', 'RUNU ROY', 'GEN.ASST(ENG)', '0519360', 'GHY'),
('12406501758', 'MAHESWARI SHARMA', 'MALI', '0519353', 'GHY'),
('12406501771', 'ANIMA DEY', 'MALI', '0519353', 'GHY'),
('12406501795', 'MANTIA BASFORE', 'H.KEEPING.ASST(ENG)', '0519359', 'GHY'),
('12406501801', 'ESWARA RAO EROTHU', 'TECH-III(ELECT)', '0519267', 'GHY'),
('12406501825', 'SUMAN CHAKRABORTY', 'SR. TECH', '0519451', 'GHY'),
('12406501849', 'TONMAY GHOSH', 'FITTER-I', '0519451', 'GHY'),
('12406501850', 'MONOJ CHAKRABORTY', 'FITTER-I', '0519451', 'GHY'),
('12406501874', 'DEBASISH CHAKRABORTY', 'STDMECH', '0519451', 'GHY'),
('12406501898', 'HEMLAL JOSHI', 'FITTER-I', '0519451', 'GHY'),
('12406501928', 'SUBAL CH MALI', 'Sr.TECH(FITTER)', '0519451', 'GHY'),
('12406501930', 'BIRAJ KAKOTY', 'FITTER-I', '0519451', 'GHY'),
('12406501953', 'TAPAS SINGHA', 'FITTER-I', '0519451', 'GHY'),
('12406501965', 'K BIJEN SINGH', 'FITTER-I', '0519451', 'GHY'),
('12406502090', 'BHABEN CH.NATH', 'FITTER-I', '0519451', 'GHY'),
('12406502106', 'PRANAB KR.DAS', 'FITTER-I', '0519451', 'GHY'),
('12406502120', 'PRASANTA BARMAN', 'FITTER-I', '0519451', 'GHY'),
('12406502131', 'SATYA RAM DAS', 'SR. TECH', '0519451', 'GHY'),
('12406502167', 'NABAJIT KALITA', 'CRANE DRIVER-I', '0519451', 'GHY'),
('12406502179', 'PARIMAL HAZOWARY', 'FITTER-I', '0519451', 'GHY'),
('12406502180', 'ANIL DAS', 'FITTER-I', '0519451', 'GHY'),
('12406502192', 'LABA KANTA PATAR', 'FITTER-I', '0519451', 'GHY'),
('12406502209', 'MRIDUL SAIKIA', 'FITTER-I', '0519451', 'GHY'),
('12406502283', 'CHANDAN BORO', 'TECH-II(ELECT)', '0519451', 'GHY'),
('12406502313', 'BHOLA PRASAD', 'FITTER-I', '0519451', 'GHY'),
('12406502337', 'KOUSHIK KANUNGO', 'FITTER-III', '0519451', 'GHY'),
('12406502349', 'UDAY SARKAR', 'FITTER-I', '0519451', 'GHY'),
('12406502362', 'RAJEEB KR.DAS', 'FITTER-I', '0519451', 'GHY'),
('12406502404', 'BASANTA HAZARIKA', 'CANTEEN ASST.', '0519425', 'GHY'),
('12429800236', 'APURBA DAS', 'TCM-II', '0519707', 'GHY'),
('12429800811', 'KALPANA KALITA', 'TRACK MNTR-IV', '0561825', 'MLGN'),
('124A0400042', 'NITAN DAS', 'CHOWKIDAR', '0519360', 'GHY'),
('124A0400596', 'SURAJ MANDAL', 'TCM-I', '0519706', 'MLGN'),
('124N0401065', 'KARTIK  KUMAR  ROY', 'CHOWKIDAR', '0519361', 'MLGN'),
('124N0401695', 'KRISHNA KINKAR BORO', 'KH HELPER', '0519708', 'GHY'),
('124N0401975', 'USHA RANI RAI', 'TRACK MNTR-IV', '0561826', 'MLGN'),
('124N0401976', 'HIMADRI NATH', 'TRACK MNTR-IV', '0561825', 'MLGN'),
('124N0402402', 'PAWAN MAHANTA', 'KHALASI HELPER', '0519706', 'MLGN'),
('124N0402528', 'ANIRWAN KR DEVNATH', 'TCM-I', '0519706', 'MLGN'),
('124N0403375', 'ARPITA DUTTA', 'TCM-II', '0519707', 'GHY'),
('124NP000003', 'SARITA BASFORE', 'ASST(WORKS)', '0519359', 'GHY'),
('124NP000011', 'NARESH DAS', 'STENO', '0519423', 'GHY'),
('124NP000015', 'MONIN CH BORO', 'TECH-III(ELECT)', '0519263', 'GHY'),
('124NP000016', 'BIREN KALITA', 'TECH-II(ELECT)', '0519263', 'GHY'),
('124NP000019', 'AJIT BASUMATARY', 'TECH-III(ELECT)', '0519267', 'GHY'),
('124NP000022', 'KAILASH KR  GENDREY', 'SSE (ELEC)', '0519267', 'GHY'),
('124NP000023', 'RAM NARESH PRASAD', 'JE (ELEC)', '0519272', 'KYQ'),
('124NP000028', 'TARUN  KANTI  DEY', 'TECH-III(ELECT)', '0519263', 'GHY'),
('124NP000029', 'CHITTARANJAN  BORA', 'TECH-II(ELECT)', '0519278', 'GHY'),
('124NP000030', 'KARUNA KANTA KALITA', 'TECH-III(ELECT)', '0519278', 'GHY'),
('124NP000031', 'PANKAJ  KALITA', 'METER READER', '0519255', 'MLGN'),
('124NP000032', 'DIPAK  KR  NATH', 'KHALASI HELPER', '0519278', 'GHY'),
('124NP000033', 'SHAMBHU  LAL  SINGH', 'SSE (ELEC)', '0519269', 'GHY'),
('124NP000035', 'GUDDU  KUMAR', 'SSE (ELEC)', '0519269', 'GHY'),
('124NP000036', 'PREM  SHANKAR  SINGH', 'TECH-I(ELECT)', '0519278', 'GHY'),
('124NP000041', 'MD  SHAFI', 'SSE (ELEC)', '0561252', 'MLGN'),
('124NP000044', 'UTPAL  BORO', 'JE (ELEC)', '0519263', 'PNO'),
('124NP000045', 'INARUL  HAQUE', 'KHALASI HELPER', '0519269', 'GHY'),
('124NP000047', 'UTPAL DAS', 'JE (ELEC)', '0519267', 'NGC'),
('124NP000049', 'DIMBESWAR  DEKA', 'KHALASI HELPER', '0519269', 'GHY'),
('124NP000051', 'BHARAT THAKURIA', 'TECH-I(ELECT)', '0519269', 'GHY'),
('124NP000052', 'BENUDHAR  HIRA', 'KHALASI HELPER', '0519269', 'GHY'),
('124NP000053', 'BIPUL CH KALITA', 'KHALASI HELPER', '0519268', 'GHY'),
('124NP000055', 'BIJAY KR DAS-2', 'TECH-I(ELECT)', '0519268', 'GHY'),
('124NP000058', 'ALOK GHOSH', 'TECH.(ELEC)-I', '0519268', 'GHY'),
('124NP000059', 'ARJUN PD SARMA', 'KHALASI HELPER', '0519268', 'KYQ'),
('124NP000064', 'BISWAJIT MANDAL', 'KHALASI HELPER', '0519268', 'GHY'),
('124NP000065', 'BABLU RAKSHIT', 'KHALASI HELPER', '0519268', 'GHY'),
('124NP000067', 'RAJU  BORO', 'KHALASI HELPER', '0519268', 'KYQ'),
('124NP000071', 'CHANDU PRASAD', 'TECH.(ELEC)-I', '0519268', 'GHY'),
('124NP000076', 'PARTHAJIT BANERJEE', 'TECH-III(ELECT)', '0519272', 'KYQ'),
('124NP000081', 'ARUN CH SINGHA', 'HELPER', '0519272', 'KYQ'),
('124NP000085', 'NIBARAN DAS', 'TECH-I(ELECT)', '0519273', 'GHY'),
('124NP000086', 'DURGA CHARAN DAS', 'TECH-I(ELECT)', '0519272', 'KYQ'),
('124NP000087', 'RANJIT DEBNATH', 'HELPER', '0519273', 'GHY'),
('124NP000088', 'MANJESH KR PANDEY', 'HELPER', '0519272', 'KYQ'),
('124NP000090', 'CHANDAN KR SAH', 'HELPER', '0519272', 'KYQ'),
('124NP000094', 'PRANAB CHOUDHURY', 'HELPER', '0519272', 'KYQ'),
('124NP000095', 'PADMA DAS', 'HELPER', '0519272', 'KYQ'),
('124NP000097', 'RATAN DEY', 'TECH-I(ELECT)', '0519273', 'GHY'),
('124NP000100', 'DAKSHA RAJ HAJONG', 'TECH-I(ELECT)', '0519273', 'GHY'),
('124NP000104', 'URUL BAISHYA', 'TECH-I(ELECT)', '0519272', 'KYQ'),
('124NP000105', 'DIBYA JYOTI DAS', 'HELPER', '0519273', 'GHY'),
('124NP000114', 'ARAVIND PRASAD', 'HELPER', '0519272', 'KYQ'),
('124NP000115', 'BISWAJIT SUTRADHAR', 'HELPER', '0519273', 'GHY'),
('124NP000118', 'RUBUL DEKA', 'HELPER', '0519273', 'GHY'),
('124NP000119', 'RANJIT KR DEKA', 'HELPER', '0519272', 'KYQ'),
('124NP000121', 'MD FAIJUL HAQUE', 'HELPER', '0519273', 'GHY'),
('124NP000124', 'PRASENJIT DEY (NO.1)', 'TECH-I(ELECT)', '0519273', 'GHY'),
('124NP000128', 'MD NAZIBUR RAHMAN', 'HELPER', '0519272', 'KYQ'),
('124NP000129', 'SUNIL KR SHARMA', 'JE (ELEC)', '0519272', 'KYQ'),
('124NP000135', 'RAM DILIP PRASAD', 'JE (ELEC)', '0519272', 'KYQ'),
('124NP000139', 'KIRON NATH', 'HELPER', '0519273', 'GHY'),
('124NP000140', 'ASHIM KR NATH', 'HELPER', '0519273', 'GHY'),
('124NP000141', 'RANJAN NATH', 'HELPER', '0519273', 'GHY'),
('124NP000149', 'EROTHU APPARAO', 'HELPER', '0519273', 'GHY'),
('124NP000150', 'RAJ MAZUMDER', 'HELPER', '0519273', 'GHY'),
('124NP000151', 'SUBRATA DUTTA', 'TECH-III(ELECT)', '0519267', 'GHY'),
('124NP000156', 'S  SIMHA CHALAM', 'SSE (ELEC)', '0519272', 'KYQ'),
('124NP000158', 'BIJAY  MANDAL', 'KHALASI HELPER', '0519273', 'GHY'),
('124NP000162', 'RATAN  DAS', 'CHOWKIDAR', '0519360', 'GHY'),
('124NP000166', 'S  SANKAR  RAO', 'ASST(WORKS)', '0519361', 'GHY'),
('124NP000168', 'SANJIT  DEBNATH', 'CHOWKIDAR', '0519361', 'GHY'),
('124NP000169', 'DILIP  PRASAD', 'CHOWKIDAR', '0519361', 'GHY'),
('124NP000171', 'BIJAY KR BRAHMIN', 'FITTER-I', '0519452', 'GHY'),
('124NP000174', 'DONKADA VENKATA PURUSUTHAM', 'FITTER-I', '0519452', 'GHY'),
('124NP000175', 'ABDHESH KR DUBEY', 'FITTER-I', '0519452', 'GHY'),
('124NP000176', 'MANDA SAMUEL WATSON', 'FITTER-I', '0519452', 'GHY'),
('124NP000182', 'THULUNGA BASUMATARY', 'FITTER-I', '0519452', 'GHY'),
('124NP000185', 'JATAN  MANDAL', 'FITTER-I', '0519452', 'GHY'),
('124NP000189', 'KRISHNA  KANTA  RABHA', 'FITTER-I', '0519452', 'GHY'),
('124NP000190', 'JOY KRISHNA SAHA', 'FITTER-I', '0519452', 'GHY'),
('124NP000191', 'DIPANKAR  DAS', 'JE(MECH)', '0519423', 'GHY'),
('124NP000195', 'SMT JAYA  DEKA', 'TECH-II(ELECT)', '0519452', 'GHY'),
('124NP000196', 'SHILPI  DUTTA', 'FITTER-I', '0519452', 'GHY'),
('124NP000198', 'DEBOJIT  MAZUMDER', 'FITTER-I', '0519452', 'GHY'),
('124NP000200', 'PRADIP  KR  JHA', 'FITTER-I', '0519452', 'GHY'),
('124NP000203', 'DINABANDHU  NANDY', 'FITTER-I', '0519452', 'GHY'),
('124NP000204', 'SIBU  DUTTA', 'FITTER-I', '0519452', 'GHY'),
('124NP000205', 'RUPAK  CH  DEY', 'FITTER-I', '0519452', 'GHY'),
('124NP000206', 'RATNA CHOUDHURY', 'FITTER-I', '0519452', 'GHY'),
('124NP000207', 'SOUMITRA MUKHARJEE', 'FITTER-I', '0519452', 'GHY'),
('124NP000209', 'SAMIRAN CH DEB', 'FITTER-I', '0519452', 'GHY'),
('124NP000211', 'SAMIR  DUTTA', 'FITTER-I', '0519452', 'GHY'),
('124NP000212', 'MIRA BISWAS', 'FITTER-I', '0519452', 'GHY'),
('124NP000213', 'KALPANA BOSE', 'FITTER-I', '0519452', 'GHY'),
('124NP000215', 'BISWAJIT CHANGMAI', 'FITTER-I', '0519452', 'GHY'),
('124NP000216', 'KALYANI DEKA', 'FITTER-I', '0519452', 'GHY'),
('124NP000218', 'BIKRAM  DAS', 'FITTER-I', '0519452', 'GHY'),
('124NP000223', 'SAMITA  ACHARJEE', 'FITTER-I', '0519452', 'GHY'),
('124NP000224', 'SMT  LATIKA  DAS', 'FITTER-I', '0519452', 'GHY'),
('124NP000225', 'MINAKSHI DEKA RAJA', 'FITTER-I', '0519452', 'GHY'),
('124NP000228', 'APARNA  DUTTA  DAS', 'FITTER-I', '0519452', 'GHY'),
('124NP000229', 'RUNU  PATAR', 'FITTER-I', '0519452', 'GHY'),
('124NP000231', 'NAYANJYOTI SARMAH', 'FITTER-I', '0519452', 'GHY'),
('124NP000235', 'LACHIT  RAY', 'FITTER-I', '0519452', 'GHY'),
('124NP000238', 'SUSHANTA  BASUMATARY', 'FITTER-I', '0519452', 'GHY'),
('124NP000243', 'LAKHI SENGUPTA SINHA', 'FITTER-II', '0519452', 'GHY'),
('124NP000248', 'PARTHA  BHATTACHARJEE', 'FITTER-I', '0519452', 'GHY'),
('124NP000250', 'RAJESH  KUMAR', 'FITTER-I', '0519452', 'GHY'),
('124NP000253', 'KAMALUDDIN  AHMED', 'FITTER-I', '0519452', 'GHY'),
('124NP000258', 'SRI  LITON  AICH', 'JE(MECH)', '0519423', 'GHY'),
('124NP000265', 'KUSHAL SWARGERI', 'MECHANIC-II', '0519452', 'GHY'),
('124NP000268', 'KALYAN  SHREE  SAHA', 'JE(MECH)', '0519423', 'GHY'),
('124NP000271', 'DIBAKAR  DUTTA', 'FITTER-I', '0519452', 'GHY'),
('124NP000273', 'PRADIP  SARKAR', 'FITTER-I', '0519452', 'GHY'),
('124NP000274', 'SANJEEB  KR  DEY', 'FITTER-I', '0519452', 'GHY'),
('124NP000275', 'SAROJ KR THAKUR', 'FITTER-I', '0519452', 'GHY'),
('124NP000276', 'DEB DEEP BISWAS', 'FITTER-I', '0519452', 'GHY'),
('124NP000280', 'SAHDEO  KR  DAS', 'FITTER-I', '0519452', 'GHY'),
('124NP000282', 'NILIMA  MAYEE  DAS', 'FITTER-I', '0519452', 'GHY'),
('124NP000284', 'RAKHI SAHA', 'ASST(WORKS)', '0519361', 'GHY');
INSERT INTO `employee_master` (`EmpNo`, `Name`, `Designation`, `BillUnit`, `Station`) VALUES
('124NP000286', 'LAKHIA BASFORE', 'ASST(WORKS)', '0519359', 'GHY'),
('124NP000287', 'SUKHLI BASFORE', 'SAFAIWALA', '0519357', 'GHY'),
('124NP000289', 'SRI  BIPUL  BARMAN', 'CHOWKIDAR', '0519357', 'GHY'),
('124NP000291', 'SRI  RAJIB  DEY', 'HELPER', '0519272', 'KYQ'),
('124NP000295', 'JINTU  DAS', 'TECH-III(ELECT)', '0519263', 'GHY'),
('124NP000296', 'UTPAL  DAS', 'FITTER-III', '0519267', 'GHY'),
('124NP000299', 'KUSHMAWATI DEVI', 'KHALASI HELPER', '0519361', 'GHY'),
('124NP000303', 'KRISHNA PADA MAJHI', 'SSE (ELEC)', '0519273', 'GHY'),
('124NP000304', 'RAHUL DAS', 'TECH-III(ELECT)', '0519278', 'GHY'),
('124NP000306', 'MUSTAQUE AL MAMOON', 'AA', '0519002', 'GHY'),
('124NP000309', 'SHRI BAPI DEY', 'HELPER', '0519273', 'GHY'),
('124NP000313', 'RATAN  DAS', 'TECH.(ELEC)-I', '0519268', 'GHY'),
('124NP000319', 'SMT  KHUKU  ROY', 'TECH-I(ELECT)', '0519263', 'MLGN'),
('124NP000321', 'JAYA MAJUMDER', 'ASST(WORKS)', '0519360', 'MLGN'),
('124NP000325', 'DEEPAK RAM', 'FITTER-I', '0519452', 'GHY'),
('124NP000326', 'CHANDAN PATHAK', 'TECH-I(ELECT)', '0519273', 'GHY'),
('124NP000327', 'BISHNU SUTRADHAR', 'HELPER', '0519273', 'GHY'),
('124NP000332', 'SURI BABU', 'GEN.ASST(ENG)', '0519349', 'GHY'),
('124NP000333', 'BHOLANATH BASFORE', 'H.KEEPING.ASST(ENG)', '0519349', 'GHY'),
('124NP000334', 'R SNYNASAMMA', 'GEN.ASST(ENG)', '0519360', 'GHY'),
('124NP000335', 'BHARAT SANGMA', 'CHOWKIDAR', '0519361', 'GHY'),
('124NP000340', 'INDRANI GOGOI', 'SSE (ELEC)', '0519255', 'GHY'),
('124NP000342', 'BHARGAB KUMAR NATH', 'SSE (ELEC)', '0519269', 'GHY'),
('124NP000348', 'N. NIRMAL RAJU', 'TECH.(ELEC)-I', '0519268', 'KYQ'),
('124NP000349', 'MANOJ  KR NARZARY', 'TECH-I(ELECT)', '0519274', 'GHY'),
('124NP000350', 'SUNIL KR YADAV', 'HELPER', '0519272', 'KYQ'),
('124NP000351', 'HRIJU BISWAS', 'HELPER', '0519272', 'KYQ'),
('124NP000355', 'RAMBABU ARJALA', 'TECH-III(ELECT)', '0519274', 'GHY'),
('124NP000357', 'RANJIT KALITA', 'TECH.(ELEC)-I', '0519273', 'GHY'),
('124NP000359', 'BISWAJIT MALAKAR', 'TECH-II(ELECT)', '0519265', 'GHY'),
('124NP000361', 'MANOJ KR HALDAR', 'SSE (ELEC)', '0519263', 'PNO'),
('124NP000375', 'PINAPALLI ESWARA RAO', 'TECH.(ELEC)-I', '0519268', 'GHY'),
('124NP000376', 'SUBHOJIT CHAKRABORTY', 'HELPER', '0519268', 'KYQ'),
('124NP000383', 'P V RAMANA', 'HELPER', '0519273', 'GHY'),
('124NP000385', 'JAYANTA MEDHI', 'HELPER', '0519269', 'GHY'),
('124NP000389', 'PANKAJ KUMAR DAS', 'HELPER', '0519273', 'GHY'),
('124NP000391', 'DIPJYOTIBORAH', 'HELPER', '0519269', 'GHY'),
('124NP000394', 'BHRIGU KR KALITA', 'TECH.(ELEC)-I', '0519269', 'GHY'),
('124NP000395', 'PRASENJIT DEY(NO 2)', 'TECH.(ELEC)-I', '0519272', 'KYQ'),
('124NP000396', 'DEEP DUTTA CHOUDHURY', 'TECH.(ELEC)-I', '0519269', 'GHY'),
('124NP000398', 'SARAT CH BORA', 'HELPER', '0519269', 'GHY'),
('124NP000400', 'ANUPAMA DAS', 'HELPER', '0519262', 'GHY'),
('124NP000403', 'DHARITRI RAJBANGSHI', 'FITTER-I', '0519452', 'GHY'),
('124NP000405', 'MANAS PAUL', 'SSE (ELEC)', '0519276', 'GHY'),
('124NP000406', 'ROBINDRA SWARGIARY', 'HELPER', '0519272', 'KYQ'),
('124NP000410', 'CHANDAN DAS', 'TECH-II(ELECT)', '0519267', 'GHY'),
('124NP000413', 'SMT BEAUTI BORDOLOI BORAH', 'FITTER-I', '0519452', 'GHY'),
('124NP000420', 'SANJAY NUNIA', 'HELPER', '0519273', 'GHY'),
('124NP000421', 'BINOD THAPA', 'HELPER', '0519269', 'KYQ'),
('124NP000422', 'AMAR BAHADUR THAKURI', 'HELPER', '0519269', 'GHY'),
('124NP000431', 'SIBARAM DAS', 'HELPER', '0519269', 'KYQ'),
('124NP000435', 'ANITA  NATH', 'HELPER', '0519263', 'GHY'),
('124NP000439', 'MIRA DEY', 'HELPER', '0519274', 'GHY'),
('124NP000440', 'BISHNU PRASAD UPADHAYA', 'HELPER', '0519273', 'GHY'),
('124NP000441', 'RAVI KUMAR', 'TECH-I(ELECT)', '0519273', 'GHY'),
('124NP000446', 'RABI SUTRADHAR', 'HELPER', '0519272', 'KYQ'),
('124NP000447', 'M. RAJU', 'HELPER', '0519273', 'GHY'),
('124NP000450', 'GOPAL CH DAS', 'TECH-III(ELECT)', '0519265', 'GHY'),
('124NP000451', 'ARUN KR MAHTO', 'HELPER', '0519278', 'GHY'),
('124NP000458', 'K VENKATESH REDDY', 'HELPER', '0519269', 'GHY'),
('124NP000459', 'RANJIT DEY', 'TECH-II(ELECT)', '0519263', 'GHY'),
('124NP000460', 'B RAJU REDDY', 'TECH-II(ELECT)', '0519267', 'GHY'),
('124NP000461', 'PRAFULLA MALLICK', 'HELPER', '0519268', 'GHY'),
('124NP000462', 'MRIDUL RABHA.', 'TECH-I(ELECT)', '0519269', 'KYQ'),
('124NP000464', 'BIRALA BORO', 'TECH-II(ELECT)', '0519265', 'GHY'),
('124NP000467', 'PARIMAL KARMAKAR', 'TECH-III(ELECT)', '0519263', 'GHY'),
('124NP000469', 'SARASWATI ROUTH', 'HELPER', '0519267', 'GHY'),
('124NP000470', 'SHINMILA KHAYI', 'TECH-II(ELECT)', '0519278', 'GHY'),
('124NP000472', 'SURAJMONI DAS', 'TECH-I(ELECT)', '0519273', 'GHY'),
('124NP000473', 'PIU ROY CHOWDHURY', 'TECH-II(ELECT)', '0519278', 'GHY'),
('124NP000476', 'NITUL MEDHI', 'HELPER', '0519272', 'KYQ'),
('124NP000477', 'SUJOY ROY', 'HELPER', '0519273', 'GHY'),
('124NP000479', 'B VENKATA RAO', 'HELPER', '0519269', 'KYQ'),
('124NP000481', 'NARENDRA KR NEWAR', 'FITTER-I', '0519452', 'GHY'),
('124NP000482', 'CHAMPA DEKA', 'HELPER', '0519274', 'GHY'),
('124NP000485', 'K PAIDITALLAMMA', 'HELPER', '0519274', 'GHY'),
('124NP000486', 'CHIRANJIB DUTTA', 'METER READER', '0519255', 'MLGN'),
('124NP000489', 'SAMPAD PAUL', 'HELPER', '0519269', 'GHY'),
('124NP000491', 'BIJOY PATAR', 'FITTER-I', '0519452', 'GHY'),
('124NP000495', 'RAMSAHARAE YADAV', 'MV DRIVER-II', '0519361', 'GHY'),
('124NP000497', 'SRI JITU DAS', 'FITTER-I', '0519452', 'GHY'),
('124NP000498', 'SRI BIKEE LODH', 'MECHANIC-II', '0519452', 'GHY'),
('124NP000499', 'SMT PURNIMA DAS', 'FITTER-I', '0519452', 'GHY'),
('124NP000501', 'SMT POMPI CHAKRABORTY', 'FITTER-I', '0519452', 'GHY'),
('124NP000502', 'SAGAR DUTTA', 'FITTER-II', '0519452', 'GHY'),
('124NP000503', 'MISS DIPANJALI DAS', 'FITTER-I', '0519452', 'GHY'),
('124NP000504', 'RATAN DAS', 'FITTER-I', '0519452', 'GHY'),
('124NP000506', 'BINITA RABHA', 'RECORD SORTER', '0519349', 'GHY'),
('124NP000507', 'K DURGA PRASAD RAO', 'HELPER', '0519269', 'GHY'),
('124NP000509', 'NELAPARTHI LAXMI', 'HELPER', '0519267', 'GHY'),
('124NP000511', 'DEEP JYOTI  KALITA', 'HELPER', '0519269', 'GHY'),
('124NP000512', 'LATIKA DAS', 'HELPER', '0519263', 'GHY'),
('124NP000513', 'MATU DAS', 'HELPER', '0519263', 'GHY'),
('124NP000514', 'IVA DAS', 'HELPER', '0519263', 'GHY'),
('124NP000515', 'PRANAB MAJUMDAR', 'TECH.(ELEC)-I', '0519273', 'GHY'),
('124NP000516', 'SABITA DEVI', 'HELPER', '0519268', 'GHY'),
('124NP000517', 'SUJAN SARKAR', 'HELPER', '0519268', 'KYQ'),
('124NP000519', 'MUKUT NAMASUDRA', 'TECH.(ELEC)-I', '0519269', 'KYQ'),
('124NP000521', 'PRANAB JYOTI  MALAKAR', 'FITTER-I', '0519452', 'GHY'),
('124NP000523', 'AMAR BHATTACHARJEE', 'HELPER', '0519268', 'GHY'),
('124NP000524', 'DIPAK KR GURUNG', 'HELPER', '0519269', 'GHY'),
('124NP000526', 'JELENDRA BRAHMA', 'TECH-III(ELECT)', '0519274', 'GHY'),
('124NP000527', 'PABITRA  BORO', 'TECH-II(ELECT)', '0519278', 'GHY'),
('124NP000528', 'MD. HASSAN', 'TECH.(ELEC)-I', '0519268', 'KYQ'),
('124NP000531', 'K  GANESH  RAO', 'HELPER', '0519269', 'KYQ'),
('124NP000532', 'DOMINIC  HALAM', 'TECH.(ELEC)-I', '0519269', 'NGC'),
('124NP000534', 'GHANASHYAM  DEKA', 'ASST(WORKS)', '0519361', 'GHY'),
('124NP000536', 'RINA  CHAKRABORTY', 'HELPER', '0519274', 'GHY'),
('124NP000537', 'VENKATA RAMANA PINAPALLI', 'TECH-I(ELECT)', '0519272', 'KYQ'),
('124NP000540', 'PAPU SAHA', 'HELPER', '0519269', 'GHY'),
('124NP000541', 'RAJAT  KAMAL  BARUAH', 'FITTER-II', '0519452', 'GHY'),
('124NP000542', 'ARJUN  BASFORE', 'ANCL/DSL-II', '0519452', 'GHY'),
('124NP000543', 'DIMBESWAR  SUTRADHAR', 'FITTER-I', '0519452', 'GHY'),
('124NP000544', 'NAILA  MADHAB  KUMAR', 'FITTER-II', '0519452', 'GHY'),
('124NP000545', 'MD  ROUJER  ALI', 'TECH-II(ELECT)', '0519274', 'GHY'),
('124NP000546', 'GOPAL  KRISHNA  GOUDA', 'HELPER', '0519272', 'KYQ'),
('124NP000547', 'NANDLAL  PRASAD', 'HELPER', '0519273', 'GHY'),
('124NP000548', 'JITU  KUMAR  DAS', 'HELPER', '0519263', 'GHY'),
('124NP000549', 'BIJAN  DEB  SARMA', 'HELPER', '0519269', 'GHY'),
('124NP000553', 'RAMESH  MAHTO', 'FITTER-II', '0519452', 'GHY'),
('124NP000554', 'RITA  DAS', 'HELPER', '0519263', 'GHY'),
('124NP000555', 'SONU  DAS', 'HELPER', '0519268', 'GHY'),
('124NP000556', 'SELTAI RAM BRAHMA', 'HELPER', '0519263', 'MLGN'),
('124NP000557', 'DEEPA  MITRA', 'HELPER', '0519263', 'MLGN'),
('124NP000559', 'MAMI CHOWDHARY', 'HELPER', '0519263', 'MLGN'),
('124NP000560', 'BHARATI CHOWDHURY', 'HELPER', '0519263', 'GHY'),
('124NP000561', 'HIMANSHU  BHATTACHARJYA', 'HELPER', '0519265', 'GHY'),
('124NP000562', 'ARUNDHATI  GOGOI', 'OS', '0519276', 'GHY'),
('124NP000563', 'PRANAJIT  SARKAR', 'HELPER', '0519267', 'GHY'),
('124NP000564', 'BIPUL CH  DAS', 'HELPER', '0519272', 'KYQ'),
('124NP000565', 'ARJUN  KUMAR', 'TECH-III(ELECT)', '0519265', 'GHY'),
('124NP000570', 'DILIP DEB SARMA', 'HELPER', '0519268', 'GHY'),
('124NP000571', 'CHAMPAK DEKA', 'HELPER', '0519268', 'GHY'),
('124NP000577', 'JAYANTA MEDHI', 'ANCL/DSL-II', '0519452', 'GHY'),
('124NP000578', 'LOKAPRIYA HATIMURIA', 'FITTER-III', '0519452', 'GHY'),
('124NP000580', 'CHANDRAKALA THAPA', 'TECH-II(ELECT)', '0519452', 'GHY'),
('124NP000590', 'KAMESHWAR RAI', 'HELPER', '0519273', 'GHY'),
('124NP000597', 'KANGKAN KALITA', 'HELPER', '0519268', 'GHY'),
('124NP000598', 'BANASH PRAJA', 'HELPER', '0519263', 'GHY'),
('124NP000599', 'SUMAN BHATTACHARJEE', 'HELPER', '0519268', 'GHY'),
('124NP000612', 'UJJWAL  KUMAR JHA', 'HELPER', '0519268', 'KYQ'),
('124NP000613', 'JHUNA SINGH', 'HELPER', '0519268', 'KYQ'),
('124NP000614', 'BISWAJIT GIRI', 'HELPER', '0519278', 'GHY'),
('124NP000619', 'NABANITA DEB', 'SSE (ELEC)', '0519276', 'GHY'),
('124NP000621', 'SUBHADEEP CHAKRABORTY', 'TECH.(ELEC)-I', '0519269', 'GHY'),
('124NP000622', 'SUDHANSHU KUMAR', 'HELPER', '0519273', 'GHY'),
('124NP000623', 'GURU PRASAD DAS', 'SSE (ELEC)', '0519269', 'KYQ'),
('124NP000624', 'ARINDAM BASAK', 'SSE (WORKS)', '0519348', 'GHY'),
('124NP000625', 'BAPPAN DEBNATH', 'HELPER', '0519273', 'GHY'),
('124NP000627', 'RAJ KUMAR  VERMA', 'SSE (ELEC)', '0519269', 'GHY'),
('124NP000629', 'PRAKASH SINGHA', 'SSE (ELEC)', '0519272', 'KYQ'),
('124NP000634', 'SANJIT GOWALA', 'TM', '0519349', 'GHY'),
('124NP000638', 'BIPUL  KHANIKAR', 'TECH-II(ELECT)', '0519452', 'GHY'),
('124NP000639', 'ABINASH PATAR', 'TECH-II(ELECT)', '0519273', 'GHY'),
('124NP000640', 'KARTIK  NATH', 'TECH-II(ELECT)', '0519273', 'GHY'),
('124NP000642', 'RAKESH  PRASAD', 'TECH-II(ELECT)', '0519272', 'KYQ'),
('124NP000646', 'BHAROTI  BORDOLAI', 'FITTER-III', '0519452', 'GHY'),
('124NP000647', 'ARATI HARIJAN', 'FITTER-II', '0519452', 'GHY'),
('124NP000649', 'SABITA  DEVI', 'FITTER-III', '0519452', 'GHY'),
('124NP000680', 'MAHESH  ELLURI', 'FITTER-III', '0519452', 'GHY'),
('124NP000681', 'JAYA  DAS', 'FITTER-III', '0519452', 'GHY'),
('124NP000682', 'RUMI GOGOI', 'FITTER-III', '0519452', 'GHY'),
('124NP000687', 'SUKLA  BARMAN', 'FITTER-II', '0519452', 'GHY'),
('124NP000688', 'DOYEL  DEY', 'FITTER-II', '0519452', 'GHY'),
('124NP000689', 'BHAGYABATI  KACHARI', 'TECH-II(ELECT)', '0519452', 'GHY'),
('124NP000690', 'RAJESH  RAM', 'TECH-II(ELECT)', '0519452', 'GHY'),
('124NP000691', 'DIPALI  BORO', 'FITTER-III', '0519452', 'GHY'),
('124NP000700', 'TILAK  CHANDRA DAS', 'HELPER', '0519272', 'KYQ'),
('124NP000701', 'KAMAL  DAS', 'HELPER', '0519273', 'GHY'),
('124NP000702', 'PRABIN  SARMA', 'HELPER', '0519273', 'GHY'),
('124NP000704', 'MD. ALTAF  HUSSAIN', 'HELPER', '0519273', 'GHY'),
('124NP000721', 'LAXMI  RANI  SINGHA', 'HELPER', '0519268', 'KYQ'),
('124NP000723', 'RAJESH  KANTI', 'HELPER', '0519268', 'GHY'),
('124NP000724', 'SANI  DAYAL  MAHATO', 'HELPER', '0519268', 'GHY'),
('124NP000725', 'SANU  BAHADUR  CHETRI', 'HELPER', '0519267', 'GHY'),
('124NP000729', 'RAVI  KUMAR SINHA', 'HELPER', '0519273', 'GHY'),
('124NP000730', 'SUDHANSHU  KUMAR', 'HELPER', '0519272', 'KYQ'),
('124NP000735', 'BHADRESWAR BASUMATARY', 'HELPER', '0519267', 'GHY'),
('124NP000737', 'SATISH KUMAR', 'HELPER', '0519273', 'GHY'),
('124NP000738', 'BONI GOPI KRISHNA', 'HELPER', '0519267', 'GHY'),
('124NP000741', 'BAJRANG BASPHOR', 'FITTER-II', '0519452', 'GHY'),
('124NP000744', 'AJIT KUMAR SWAIN', 'FITTER-III', '0519452', 'GHY'),
('124NP000753', 'GYAN KUMAR VERMA', 'KHALASI HELPER', '0519706', 'GHY'),
('124NP000754', 'ARVIND KUMAR YADAV', 'KHALASI HELPER', '0519706', 'GHY'),
('124NP000756', 'JAGANNATH CHOWDHURY', 'KHALASI HELPER', '0519706', 'GHY'),
('124NP000758', 'RONOBIR ISWARY', 'KHALASI HELPER', '0519706', 'GHY'),
('124NP000761', 'NIBARAN DAS', 'KHALASI', '0519708', 'GHY'),
('124NP000763', 'PRADUNYA DAS', 'SIG.MAINTAINER-II', '0519708', 'GHY'),
('124NP000764', 'MAFUJA BEGAM', 'SIG. MAINTAINER-I', '0519708', 'GHY'),
('124NP000766', 'ILA SENAPATI', 'TCM-I', '0519707', 'GHY'),
('124NP000767', 'DWIJEN CH BARO', 'SIG.MAINTAINER-II', '0519708', 'GHY'),
('124NP000768', 'TRAILOKYA KUMAR DAS', 'CH.TELEPHONE OPERATOR-II', '0519706', 'GHY'),
('124NP000769', 'BISWAJIT DAS', 'SSE SnT(ESTI)', '0519708', 'GHY'),
('124NP000774', 'ANUSHREE BOSE', 'TCM-I', '0519707', 'GHY'),
('124NP000778', 'BHAGABATI BHOWMICK', 'TCM-III', '0519707', 'GHY'),
('124NP000780', 'MARY DEY', 'TCM-I', '0519707', 'GHY'),
('124NP000781', 'TAPAN BORA', 'SIG.MAINTAINER-III', '0519708', 'GHY'),
('124NP000782', 'MRS MONALISA  KALITA', 'TCM-II', '0519707', 'GHY'),
('124NP000784', 'BIJOY BHOWMICK', 'KHALASI', '0519707', 'GHY'),
('124NP000785', 'M  ANNAPURNA', 'SIG.MAINTAINER-III', '0519708', 'GHY'),
('124NP000786', 'SRI KAREN  KALITA', 'HELPER', '0519707', 'GHY'),
('124NP000787', 'SRI PRANJAL DEURY', 'KHALASI', '0519708', 'GHY'),
('124NP000789', 'SMT PRATIMA  DUTTA', 'HELPER', '0519708', 'GHY'),
('124NP000790', 'JHUMA DEY', 'KHALASI', '0519706', 'GHY'),
('124NP000791', 'SUKAMAL SENGUPTA', 'SIG.MAINTAINER-II', '0519708', 'GHY'),
('124NP000792', 'KATAPALLI GANESH', 'HELPER', '0519708', 'GHY'),
('124NP000793', 'HITESH BASUMATARY', 'KHALASI', '0519708', 'GHY'),
('124NP000794', 'NAYAN JYOTI KAIBARTA', 'SIG.MAINTAINER-III', '0519708', 'GHY'),
('124NP000798', 'BABLU MALAKAR', 'TCM-II', '0519706', 'GHY'),
('124NP000800', 'INDRAJIT RAY', 'SIG.MAINTAINER-III', '0519708', 'GHY'),
('124NP000801', 'PANKAJ DEY', 'SIG.MAINTAINER-III', '0519708', 'GHY'),
('124NP000802', 'MANOJ BORO', 'KHALASI HELPER', '0519708', 'GHY'),
('124NP000804', 'SUJIT BANIK', 'KHALASI HELPER', '0519708', 'GHY'),
('124NP000805', 'SOMNATH CHAKRABORTY', 'KHALASI', '0519708', 'GHY'),
('124NP000806', 'PRITHVIRAJ SARKAR', 'SSE (SIG)', '0519708', 'GHY'),
('124NP000807', 'UJJAL HAZARIKA', 'TCM-III', '0519707', 'GHY'),
('124NP000811', 'ROMA DEY', 'TCM-III', '0519706', 'GHY'),
('124NP000814', 'AMIT  DASTIDAR', 'SSE (ELEC)', '0519278', 'GHY'),
('124NP000815', 'RINKI DAS', 'HELPER', '0519274', 'GHY'),
('124NP000819', 'MANU DEY', 'TECH.(FITTER-POH)-III', '0519452', 'GHY'),
('124NP000820', 'BINOD DAS', 'TECH-I(ELECT)', '0519452', 'GHY'),
('124NP000823', 'ANGSHUMAN DUTTA', 'KHALASI HELPER', '0519708', 'GHY'),
('124NP000825', 'RUMPI DEY', 'TCM-II', '0519706', 'GHY'),
('124NP000826', 'POJEN CH. RABHA', 'HELPER', '0519278', 'GHY'),
('124NP000827', 'BHUPEN CH. NATH', 'FITTER-I', '0519452', 'GHY'),
('124NP000828', 'D. JAN BABU', 'FITTER-III', '0519452', 'GHY'),
('124NP000829', 'TINKU BORO', 'FITTER-III', '0519452', 'GHY'),
('124NP000835', 'SHIV NATH GUPTA', 'HELPER', '0519267', 'GHY'),
('124NP000837', 'MUKESH KUMAR', 'FITTER-II', '0519452', 'GHY'),
('124NP000839', 'MEENA BORO', 'FITTER-III', '0519452', 'GHY'),
('124NP000843', 'MADHU SRIVASTAV', 'FITTER-III', '0519452', 'GHY'),
('124NP000844', 'TIKEN  KUMAR  DAS', 'FITTER-III', '0519452', 'GHY'),
('124NP000850', 'KUMAR SANNY', 'TECH-I(ELECT)', '0519273', 'GHY'),
('124NP000852', 'SUSHEEL  KUMAR', 'HELPER', '0519265', 'GHY'),
('124NP000855', 'SHILPY  GEHLOT', 'METER READER', '0519255', 'GHY'),
('124NP000857', 'AMIT RAJ', 'TECH.(ELEC)-I', '0519269', 'GHY'),
('124NP000858', 'ANISH  KUMAR', 'TECH.(ELEC)-I', '0519269', 'KYQ'),
('124NP000859', 'DIPAK PATEL', 'TECH.(ELEC)-I', '0519269', 'GHY'),
('124NP000862', 'BANDITA GOSWAMI', 'TCM-I', '0519707', 'GHY'),
('124NP000864', 'ARUN BASFOR', 'FITTER-III', '0519452', 'GHY'),
('124NP000867', 'BIMAL  KR. . HALDER', 'HELPER', '0519272', 'KYQ'),
('124NP000868', 'BIKASH KALITA', 'TECH-II(ELECT)', '0519269', 'GHY'),
('124NP000869', 'KUNAL DUTTA', 'CMS', '0519423', 'GHY'),
('124NP000876', 'BUBUL DAS', 'HELPER', '0519268', 'GHY'),
('124NP000879', 'IMTIYAZ AHMAD ANSARI', 'KHALASI HELPER', '0519706', 'GHY'),
('124NP000881', 'MUKESH KUMAR', 'KHALASI HELPER', '0519706', 'GHY'),
('124NP000882', 'BIPIN  KUMAR', 'HELPER', '0519452', 'GHY'),
('124NP000883', 'BIPIN KUMAR', 'HELPER', '0519452', 'GHY'),
('124NP000884', 'MD. RAZI DAUDI', 'HELPER', '0519452', 'GHY'),
('124NP000885', 'MADAN KUMAR', 'TECH.(FITTER-POH)-III', '0519452', 'GHY'),
('124NP000889', 'GYANDEO KUMAR', 'FITTER-III', '0519452', 'GHY'),
('124NP000892', 'SANJAY KUMAR SOREN', 'FITTER-III', '0519452', 'GHY'),
('124NP000893', 'KUNDAN KUMAR MANDAL', 'HELPER', '0519452', 'GHY'),
('124NP000894', 'PRAWESH  KUMAR', 'HELPER', '0519452', 'GHY'),
('124NP000895', 'KRISHNA KUMAR MANDAL', 'HELPER', '0519452', 'GHY'),
('124NP000899', 'JOWALA SHANKAR PRASAD', 'HELPER', '0519452', 'GHY'),
('124NP000900', 'MD.KAISH', 'TECH.(FITTER-POH)-III', '0519452', 'GHY'),
('124NP000902', 'AMIT KUMAR', 'FITTER-III', '0519452', 'GHY'),
('124NP000908', 'GAJENDRA  KUMAR', 'TECH.(FITTER-POH)-III', '0519452', 'GHY'),
('124NP000909', 'BINOD KUMAR SAH', 'HELPER', '0519452', 'GHY'),
('124NP000911', 'ARINDAM DAS', 'TCM-I', '0519706', 'GHY'),
('124NP001824', 'LALAN KUMAR', 'HELPER', '0519452', 'GHY'),
('124NP001825', 'NITISH  KUMAR', 'HELPER', '0519452', 'GHY'),
('124NP001826', 'DIVAKAR PRASAD SINGH', 'HELPER', '0519452', 'GHY'),
('124NP001828', 'MD. JASIM ANSARI', 'TECH.(FITTER-POH)-III', '0519452', 'GHY'),
('124NP001831', 'NAGESHWAR', 'HELPER', '0519452', 'GHY'),
('124NP001832', 'PRIYANKA PAUL', 'HELPER', '0519452', 'GHY'),
('124NP001833', 'SUYASH  DAS', 'FITTER-II', '0519452', 'GHY'),
('124NP001834', 'SUNIL  KUMAR', 'TECH.(NC)-III', '0519452', 'GHY'),
('124NP001837', 'KISHOR KUMAR', 'HELPER', '0519452', 'GHY'),
('124NP001838', 'INDRAJEET KUMAR', 'HELPER', '0519452', 'GHY'),
('124NP001839', 'RANJEET  KUMAR', 'SSE (WORKS)', '0519348', 'GHY'),
('124NP001841', 'ABHIRUP  PATHAK', 'TECH-II(ELECT)', '0519272', 'GHY'),
('124NP001842', 'SUSHIL KR. SAURAV', 'HELPER', '0519452', 'GHY'),
('124NP001843', 'DINESH KUMAR', 'HELPER', '0519452', 'GHY'),
('124NP001845', 'DEBARATI GOSWAMI', 'TECH-II(ELECT)', '0519269', 'NGC'),
('124NP001852', 'GALI PRABHAKAR RAO', 'HELPER', '0519269', 'GHY'),
('124NP001856', 'RANJAN KUMAR', 'HELPER', '0519272', 'KYQ'),
('124NP001858', 'AMIT KUMAR', 'FITTER-II', '0519452', 'GHY'),
('124NP001859', 'RAJKHUNGUR DAIMARI', 'FITTER-II', '0519452', 'GHY'),
('124NP001861', 'A. KUMAR', 'FITTER-II', '0519452', 'GHY'),
('124NP001864', 'TINKLE CHOUDHURY', 'TCM-I', '0519707', 'GHY'),
('124NP001865', 'NABIN KUMAR', 'HELPER', '0519267', 'GHY'),
('124NP001866', 'SUMAN KUMAR', 'HELPER', '0519267', 'GHY'),
('124NP001867', 'TILAK CH. DAS', 'TECH-II(ELECT)', '0519452', 'GHY'),
('124NP001869', 'DEBASHIS DAS', 'KHALASI HELPER', '0519268', 'GHY'),
('124NP001871', 'DEEPJYOTI SARKAR', 'FITTER-III', '0519452', 'GHY'),
('124NP001874', 'DIGANTA DAS', 'KHALASI HELPER', '0519267', 'GHY'),
('124NP001876', 'JYOTISIKHA SARMA', 'TECH-II(ELECT)', '0519273', 'GHY'),
('124NP001881', 'SUBRATA DAS', 'FITTER-III', '0519452', 'GHY'),
('124NP001886', 'SUDIP MAJUMDER', 'FITTER-II', '0519452', 'GHY'),
('124NP001887', 'INDRAJIT SOUD', 'HELPER', '0519263', 'GHY'),
('124NP001888', 'UTPAL KR.HALOI', 'FITTER-III', '0519452', 'GHY'),
('124NP001890', 'RAJU SIL', 'HELPER', '0519273', 'GHY'),
('124NP001891', 'RAMA KRISHNA RAO', 'TECH-II(ELECT)', '0519269', 'NGC'),
('124NP001892', 'SANTOSH SAHU', 'TECH-II(ELECT)', '0519272', 'KYQ'),
('124NP001897', 'UDAY PRAKASH', 'KHALASI HELPER', '0519273', 'GHY'),
('124NP001898', 'RAMJAN KHAN', 'KHALASI HELPER', '0519265', 'GHY'),
('124NP001899', 'BHANITA DAS', 'KHALASI HELPER', '0519708', 'GHY'),
('124NP001900', 'AMAR JYOTI  DAS', 'TECH-I(ELECT)', '0519269', 'GHY'),
('124NP001901', 'CHHIBLAL BISH0WKARMA', 'KHALASI HELPER', '0519268', 'KYQ'),
('124NP001904', 'TULI  GOON', 'FITTER-III', '0519452', 'GHY'),
('124NP001906', 'NOMITA KACHARI', 'KHALASI HELPER', '0519267', 'GHY'),
('124NP001908', 'ANITA BARMAN', 'KHALASI HELPER', '0519706', 'GHY'),
('124NP001909', 'KAMAL BASFORE', 'HELPER', '0519265', 'GHY'),
('124NP001911', 'REBAKA  KAMATEJA', 'HELPER', '0519267', 'GHY'),
('124NP001912', 'M. BHAVANI', 'SAFAIWALA', '0519357', 'GHY'),
('124NP001913', 'ANJUWARA  BEGUM', 'FITTER-III', '0519268', 'KYQ'),
('124NP001914', 'SEEMA ROY', 'FITTER-III', '0519268', 'KYQ'),
('124NP001915', 'KALPANA SARMA', 'FITTER-III', '0519268', 'KYQ'),
('124NP001916', 'BINITA DAS', 'KHALASI HELPER', '0519708', 'GHY'),
('124NP001917', 'BANDANA BORAH', 'KHALASI HELPER', '0519708', 'GHY'),
('124NP001918', 'DHIRENDRA RAM', 'FITTER-III', '0519708', 'GHY'),
('124NPG00161', 'AMAR  CHETTRI', 'ASST(WORKS)', '0519360', 'GHY'),
('124NPG00448', 'AMIT KUMAR DAS', 'HELPER', '0519273', 'GHY'),
('124NPG00620', 'AMIT KUMAR', 'SSE (ELEC)', '0519278', 'GHY'),
('124NPG00695', 'UJJWAL CHAKRABORTY', 'SSE (ELEC)', '0519265', 'GHY'),
('125N0910099', 'DUTI KRUSHNA BISOYI', 'KHALASI HELPER', '0519274', 'GHY'),
('126NP600867', 'BAPI SARKAR', 'Sr. SO Acct', '0561060', 'MLGN'),
('126NP602490', 'RUPJYOTI SARMA', 'ASST(WORKS)', '0519361', 'PNO'),
('126NP602856', 'VIKI KUMAR RAJAK', 'B.PEON', '0561614', 'SCL'),
('12829800384', 'AKANSHOO SRIVASTAV', 'SSE (ELEC)', '0519272', 'KYQ'),
('12829800463', 'ROMA CHOUDHURY', 'TECH-III(ELECT)', '0519267', 'NGC'),
('12829800468', 'GOURAV MODAK', 'TECH-III(ELECT)', '0519269', 'NGC'),
('12829800470', 'DWITHUN SWARGIARY', 'TECH-III(ELECT)', '0519273', 'GHY'),
('12829800471', 'ANISH BHATTACHARJEE', 'TECH-III(ELECT)', '0519274', 'MLGN'),
('12829800473', 'JYOTISHMAN BHUYAN', 'TECH-III(ELECT)', '0519278', 'MLGN'),
('12829800737', 'AJAY KUMAR', 'TECH(MECH).-III', '0519452', 'NGC'),
('12829800738', 'RAJKUMAR CHAUHAN', 'TECH(MECH).-III', '0519452', 'NGC'),
('13000550674', 'SATYAJIT ROY', 'Ch.OS', '0561282', 'MLGN'),
('13000551147', 'GOPAL CHANDRA DEY', 'TRACKMAN', '0561825', 'MLGN'),
('13000551346', 'DEVENDRA KUMAR PANDIT', 'SUPERVISOR ELEC', '0561252', 'LMG'),
('13000551354', 'PRADIP KONWAR', 'SUPERVISOR ELEC', '0561252', 'MLGN'),
('13000551790', 'NITAI BANERJEE', 'TRACKMAN', '0561354', 'GHY'),
('13000551807', 'SANJIB KR DEY', 'TRACKMAN', '0561354', 'GHY'),
('13000552075', 'MADAN BASFORE', 'KHALASI', '0561352', 'MLGN'),
('13000552145', 'DAKSHINA BHOWMICK', 'KHALASI', '0561352', 'MLGN'),
('13000552405', 'CHANDAN KR  DEY', 'Sr.TECH. CARPENTER', '0561352', 'MLGN'),
('13000552917', 'SAROJ KUMAR', 'FITTER-I', '0561252', 'MLGN'),
('13000553163', 'RAMESH TIWARI', 'FITTER-I', '0561252', 'MLGN'),
('13000553278', 'TULU TIPPARA', 'JR CLERK', '0561351', 'MLGN'),
('13000553767', 'UTTAM KUMAR PAUL', 'KHALASI', '0561060', 'MLGN'),
('13000554112', 'BIMAL BIHARI SINGHA', 'SSE (WORKS)', '0561351', 'MLGN'),
('13000554127', 'RAJENDRA PRASAD DEKA', 'SSE (WORKS)', '0561287', 'MLGN'),
('13000554397', 'SHYAMAL  NATH', 'TRACKMAN', '0561825', 'MLGN'),
('13000554398', 'MUKUL CHANDRA BHUYAN', 'PEON', '0561826', 'MLGN'),
('13000554430', 'ANIL BONGJANG', 'AA', '0561060', 'MLGN'),
('13000554570', 'GAUTAM NARZARY', 'SSE(DRAWING-ELE)', '0561252', 'MLGN'),
('13000554823', 'SAMUDRA  RABHA', 'KHALASI HELPER', '0561825', 'MLGN'),
('13000554836', 'ARATI RANI DAS LAHKAR', 'AA', '0561060', 'MLGN'),
('13000554842', 'JAMILA KHAMRANG', 'AA', '0561060', 'MLGN'),
('13000554854', 'DIP KUMAR BARUAH', 'JE (ELEC)', '0561252', 'MLGN'),
('13000554856', 'B KAMALAXMI', 'AA', '0561060', 'MLGN'),
('13000554904', 'M  KAMRAJU', 'KHALASI', '0561252', 'MLGN'),
('13000554959', 'GAUTAM DAS', 'KHALASI', '0561825', 'MLGN'),
('13000554960', 'SAJAL ACHARJEE', 'KHALASI', '0561825', 'MLGN'),
('13000554981', 'MANOJ DAS', 'KHALASI', '0561282', 'MLGN'),
('13001878785', 'BIPUL CHANDRA DAS', 'Ch.OS', '0561606', 'JPZ'),
('13001909757', 'PRADIP KUMAR SARMA', 'AA', '0561060', 'MLGN'),
('13001909836', 'M KRISHNA RAO', 'OFF ASST(ACS)', '0561060', 'MLGN'),
('13001909848', 'MD NACHIRUDDIN AHMED', 'AA', '0561060', 'MLGN'),
('13001910220', 'UTTAM KR NATH', 'Sr. SO Acct', '0561060', 'MLGN'),
('13001926627', 'BISWAKARMA DAS', 'SR.TECH(M.V.DVR)', '0561282', 'MLGN'),
('13001928399', 'SHWADESH KR. ROY', 'AC', '0561060', 'MLGN'),
('13001936920', 'ASHIS DAS', 'Sr. SO Acct', '0561060', 'MLGN'),
('13001937595', 'SUBRATA PAUL', 'Sr. SO Acct', '0561060', 'MLGN'),
('13001939051', 'RABINDRA KUMAR THAKUR', 'OFF ASST(ACS)', '0561060', 'MLGN'),
('13001942657', 'BINOD KR.PRASAD', 'DEE', '0561251', 'MLGN'),
('13002020208', 'SOVAN CHAKRABORTY', 'Sr.AFA', '0561070', 'MLGN'),
('13002515635', 'SUMITA  GOSWAMI', 'AA', '0561060', 'MLGN'),
('13004176194', 'DULAL CH. SARMA', 'OS', '0561825', 'MLGN'),
('13004184592', 'DILIP KR NAG', 'TRACKMAN', '0561282', 'MLGN'),
('13004201863', 'CHITTARANJAN DEKA', 'AA', '0561060', 'MLGN'),
('13004261776', 'BINA DAS', 'STENO GR-I', '0561252', 'MLGN'),
('13005500084', 'BHUPEN CH  HAZARIKA', 'SSE', '0561282', 'MLGN'),
('13005500369', 'BHADRA KANTA BASUMATARY', 'Ch.OS', '0561282', 'MLGN'),
('13005501520', 'RANU  BALA  DAS', 'SSE', '0561282', 'MLGN'),
('13005506219', 'SUBODH KR  ROY', 'RECORDER', '0561282', 'MLGN'),
('13005510106', 'SUJIT KR BANIK', 'MV DRIVER-I', '0561282', 'MLGN'),
('13005510132', 'BABULAL NARJARY', 'AA', '0561060', 'MLGN'),
('13005510272', 'JAGAT CH KUMAR', 'MV DRIVER-I', '0561282', 'MLGN'),
('13005510375', 'GUSURI PITAMBAR', 'TRACKMAN', '0561282', 'MLGN'),
('13005513261', 'MADHU MANGAL SINGH', 'MV DRIVER-I', '0561060', 'MLGN'),
('13005517692', 'ASARFI  ROY', 'TRACKMAN', '0561282', 'MLGN'),
('13005520447', 'SUBODH KUMAR  BHATTACHERJEE', 'Sr.TRACKMAN', '0561282', 'MLGN'),
('13005521490', 'NARAYAN BERA', 'TRACKMAN', '0561282', 'MLGN'),
('13005523898', 'MAHBUB ALI', 'TRACKMAN', '0561282', 'MLGN'),
('13005526310', 'PRANAB JYOTI DAS', 'Ch.OS', '0561282', 'MLGN'),
('13005529190', 'BISHNU PD  CHOUDHARY', 'FITTER-I', '0561252', 'MLGN'),
('13005529347', 'BIPUL SARKAR', 'FITTER-I', '0561252', 'MLGN'),
('13005529359', 'HARADHAN DEY', 'FITTER-I', '0561252', 'MLGN'),
('13005530260', 'BHABEN  CH   DAS', 'STENO', '0561282', 'MLGN'),
('13005531317', 'BISWAJIT  DHAR', 'TRACKMAN', '0561282', 'MLGN'),
('13005531597', 'CHET NATH JOSHI', 'TECH-I(ELECT)', '0561252', 'MLGN'),
('13005531615', 'PARMANAND KR  GUPTA', 'FITTER-I', '0561252', 'MLGN'),
('13005531731', 'BABUL CH  DAS', 'LINEMAN-I', '0561252', 'MLGN'),
('13005532632', 'GHANASHYAM  ROY', 'TRACKMAN', '0561282', 'MLGN'),
('13005537812', 'AMALESH DUTTA', 'PEON', '0561282', 'MLGN'),
('13005539845', 'SAILEN KUMAR SINGHA', 'TRACKMAN', '0561282', 'MLGN'),
('13005540240', 'ATUL  CH   KACHARI', 'SSE', '0561282', 'MLGN'),
('13005541256', 'KRISHNA CHETTRI', 'TRACKMAN', '0561282', 'MLGN'),
('13005541580', 'KAMAL DAHAL', 'TRACKMAN', '0561282', 'MLGN'),
('13005542571', 'SANDIP SARKAR', 'SSE', '0561282', 'MLGN'),
('13005544816', 'DHRUBAJYOTI DEB', 'OS', '0561282', 'MLGN'),
('13005545092', 'DIPTI PHUKAN', 'OS', '0561282', 'MLGN'),
('13005545985', 'JOYDEV  SARMA', 'SSE DRAWING CIVIL', '0561282', 'MLGN'),
('13005546023', 'ASHOKE  KURMI', 'SSE DRAWING CIVIL', '0561282', 'MLGN'),
('13005546114', 'GAYATRI MILI', 'Sr.TRANSLATOR', '0561282', 'MLGN'),
('13005546771', 'TAPAN  KANTI  CHOWDHURY', 'PEON', '0561282', 'MLGN'),
('13005548172', 'TANKESWAR BAISHYA', 'Ch.OS', '0561282', 'MLGN'),
('13005548251', 'ARJAL  APPA  RAO', 'TECH-III(ELECT)', '0561282', 'MLGN'),
('13005548512', 'DIL BAHADUR CHETTRI', 'TRACKMAN', '0561282', 'MLGN'),
('13005548755', 'MOMOTA TAMULY', 'Sr.TRANSLATOR', '0561282', 'MLGN'),
('13005549097', 'AMIT  GOUND', 'PEON', '0561282', 'MLGN'),
('13005549267', 'NABA  KR  ROY', 'Sr.TRANSLATOR', '0561282', 'MLGN'),
('13029800013', 'MINTU KR DAS', 'Sr.TRACKMAN', '0561826', 'MLGN'),
('13029800014', 'BINOD PASWAN', 'TRACKMAN', '0561825', 'MLGN'),
('13029800034', 'RAJU MAZUMDAR', 'STENO', '0561282', 'MLGN'),
('13029800070', 'PRAKASH KR DAS', 'TRACKMAN', '0561282', 'MLGN'),
('13029800071', 'BITTU BANIK', 'TRACKMAN', '0561282', 'MLGN'),
('13029800075', 'AJAY CHOUDHARY', 'Sr.KHALASI', '0561826', 'MLGN'),
('130NP000003', 'DAYAL SURIN', 'STENO GR-I', '0561282', 'MLGN'),
('130NP000014', 'MANAS RANJAN MAHAPATRA', 'SSE DRAWING CIVIL', '0561282', 'MLGN'),
('130NP000057', 'NARENDRA  BEHERA', 'KHALASI', '0561252', 'MLGN'),
('130NP000068', 'GYAN  PRAKASH', 'KHALASI', '0561252', 'MLGN'),
('130NP000074', 'CHANDAN RAWAT', 'OS', '0561282', 'MLGN'),
('130NP000088', 'RAJESH THAPA', 'AA', '0561060', 'MLGN'),
('130NP000100', 'RUMI BHATTACHARJEE', 'OFF ASST(ACS)', '0561060', 'MLGN'),
('130NP000119', 'NIRMAL THAPA CHETRY', 'OFF ASST(ACS)', '0561060', 'MLGN'),
('130NP000126', 'RAJESH KUMAR BHAGAT', 'KHALASI', '0561826', 'MLGN'),
('130NP000134', 'DURGA BISHOWKARMA', 'HELPER', '0519268', 'GHY'),
('130NP000137', 'AJAY PASWAN', 'TRACKMAN', '0561282', 'MLGN'),
('130NP000140', 'RAJESH  DUTTA', 'TRACKMAN', '0561282', 'MLGN'),
('130NP000148', 'AMIT MAJUMDER', 'KHALASI', '0561287', 'MLGN'),
('130NP000149', 'SAMIR DEY', 'TRACKMAN', '0561282', 'MLGN'),
('130NP000165', 'HIRON CHANDA', 'KHALASI', '0561282', 'MLGN'),
('130NP000172', 'CHANDANA CHAKRABORTY', 'TRACKMAN', '0561282', 'MLGN'),
('130NP000175', 'NITU SAIKIA', 'TCM 1', '0561060', 'MLGN'),
('130NP000202', 'GANESH DAS', 'KHALASI', '0561282', 'MLGN'),
('130NP000244', 'PURNIMA DAS', 'TRACKMAN', '0561825', 'MLGN'),
('130NP000249', 'BIJOY SARKAR', 'SSE (WORKS)', '0561282', 'MLGN'),
('130NP000283', 'RAJU KUMAR SAH', 'KHALASI', '0561282', 'MLGN'),
('130NP000292', 'MOHAN PRASAD JAISHI', 'KHALASI HELPER', '0519263', 'GHY'),
('130NP000310', 'LAXMAN SHARMA', 'KHALASI', '0519272', 'KYQ'),
('130NP000340', 'BIKAS KUMAR', 'OFF ASST(ACS)', '0561060', 'MLGN'),
('130NP000346', 'MANIKANT SINGH', 'TRACKMAN', '0561354', 'MLGN'),
('130NP000357', 'ASHOK PRAKASH MANJUL', 'TRACKMAN', '0561060', 'MLGN'),
('130NP000358', 'KAKALI BARUAH', 'TRACK MNTR-III', '0561060', 'MLGN'),
('130NP000362', 'RATNA RANI DEB', 'TRACK MNTR-III', '0561282', 'MLGN'),
('130NP000369', 'MOHITOSH MODAK', 'TRACKMAN', '0561282', 'MLGN'),
('130NP000447', 'GITANJALI  BASUMATARY', 'AA', '0561060', 'MLGN'),
('130NP000546', 'DIPAK KUMAR DINAKAR', 'HELPER', '0561825', 'MLGN'),
('130NP000558', 'ABHIJIT DAS', 'TRACKMAN', '0561282', 'MLGN'),
('130NP000592', 'MANJU KUMARI THAKUR', 'PEON', '0561282', 'MLGN'),
('130NP000599', 'DANJAY BORO', 'OS', '0561282', 'MLGN'),
('130NP000602', 'DIGANTA DAS', 'TRACKMAN', '0561825', 'MLGN'),
('130NP000614', 'SAGARIKA MAHAPATRA', 'OS', '0561282', 'MLGN'),
('130NP000637', 'ANTU LAL THAKUR', 'AA', '0561060', 'MLGN'),
('130NP000644', 'RAMESH KUMAR CHAUDHARY', 'Sr. SO Acct', '0561060', 'MLGN'),
('130NP000645', 'SHAMBHU KUMAR', 'AA', '0561060', 'MLGN'),
('130NP000647', 'MD. IMTIYAZ ALI', 'SSE (WORKS)', '0561282', 'MLGN'),
('130NP000673', 'LAL KUMAR ROY', 'TRACKMAN', '0561287', 'MLGN'),
('130NP000676', 'RAM JIVAN PRASAD SINGH', 'TRACKMAN', '0561282', 'MLGN'),
('130NP000691', 'VIKASH KR. SAH', 'OFF ASST(ACS)', '0561060', 'MLGN'),
('130NP000708', 'RADHAMUNI SINGH', 'TRACKMAN', '0561282', 'MLGN'),
('130NP000821', 'RAVIKANT NANDU GAIKWAD', 'KHALASI', '0561287', 'MLGN'),
('13100554859', 'IKRAMUL MAZID', 'SSE (EST-ELEC)', '0561252', 'MLGN'),
('13105540902', 'SURYABHAN', 'XEN', '0561603', 'LMG'),
('131NP000130', 'JUDHISTHIR MONDAL', 'TRACKMAN', '0561282', 'MLGN'),
('131NP000837', 'SANJAY GUPTA', 'KHALASI', '0561282', 'DMV'),
('13404205066', 'SUJAN DEB', 'TECH.(MASON)-III', '0519360', 'MLGN'),
('13429800006', 'MINAKSHI DEKA', 'KHALASI HELPER', '0519269', 'GHY'),
('13429800008', 'DIPEN DAS', 'MECHANIC-III', '0519452', 'NGC'),
('13429800025', 'AMIT GHOSH', 'TECH.(TL)-III', '0519272', 'KYQ'),
('13429800030', 'ABHRANIL KARMAKAR', 'HELPER', '0519706', 'MLGN'),
('13429800032', 'DIPANKAR DAS', 'KHALASI HELPER', '0519273', 'GHY'),
('13429800041', 'BANTI DEY', 'HELPER', '0519706', 'GHY'),
('13429800044', 'PUNAM BANERJEE', 'KHALASI HELPER', '0519452', 'GHY'),
('13429800050', 'KRISHNA PRASAD JAISHI', 'KHALASI HELPER', '0519263', 'GHY'),
('13429800051', 'JULI DEKA DEVI', 'HELPER', '0519452', 'GHY'),
('13429800055', 'SRI SIMI PAUL', 'HELPER', '0519452', 'GHY'),
('13429800058', 'AJALA BASUMATARY', 'TECH-III(ELECT)', '0519265', 'GHY'),
('13429800060', 'DEBORAJ DEY', 'KHALASI HELPER', '0519272', 'KYQ'),
('13429800062', 'ANU RANI DAS', 'KHALASI HELPER', '0519452', 'NGC'),
('13429800119', 'VISHAL KUMAR', 'B.PEON', '0519452', 'GHY'),
('13429800126', 'SUNEETA DEVI', 'KHALASI HELPER', '0519263', 'PNO'),
('13429800131', 'PINKU JOSHI', 'HELPER', '0519272', 'KYQ'),
('13429800134', 'PINKI PAUL', 'HELPER', '0519272', 'KYQ'),
('13429800137', 'MUNNA KUMAR RAM', 'HELPER', '0519269', 'KYQ'),
('13429800138', 'B.SANJU', 'HELPER', '0519269', 'NGC'),
('13429800142', 'ADITYA RAHANG', 'KHALASI HELPER', '0519268', 'GHY'),
('13429800144', 'TANUJ BHATTACHARJEE', 'HELPER', '0519272', 'KYQ'),
('13429800148', 'BIKI PATHAK', 'KHALASI HELPER', '0519265', 'GHY'),
('13429800153', 'K K PRONGYA', 'TECH(ELEC)-III', '0519272', 'KYQ'),
('13429800154', 'BIBHA KALITA', 'TECH(ELEC)-III', '0519272', 'KYQ'),
('13429800158', 'ROMA ROUTH ROY', 'KHALASI HELPER', '0519265', 'GHY'),
('13429800159', 'RAKESH KUMAR RAI', 'TCM-III', '0519706', 'GHY'),
('13429800160', 'RAKESH KR DEB', 'TCM-III', '0519708', 'GHY'),
('13429800172', 'CHITRAWATI DEVI BASFORE', 'KHALASI HELPER', '0519265', 'GHY'),
('13429800174', 'MANAS NAHAK', 'KHALASI HELPER', '0519265', 'GHY'),
('13429800176', 'SWEETI SULTANA', 'JE (SIG)', '0519708', 'GHY'),
('13429800179', 'SRI RAVI KUMAR', 'KHALASI HELPER', '0519272', 'KYQ'),
('13429800180', 'HIMANI HIRA', 'KHALASI HELPER', '0519452', 'GHY'),
('13429800186', 'CHANDAN RAVI DAS', 'KHALASI HELPER', '0519272', 'KYQ'),
('13429800202', 'PAPPU KUMAR KAMTI', 'KHALASI HELPER', '0519263', 'GHY'),
('13429800206', 'M VENKATA RAMANA', 'HELPER', '0519269', 'NGC'),
('13429800211', 'BAPPI DAS', 'TECH-III(ELECT)', '0519273', 'KYQ'),
('13429800233', 'DULUMANI KUMARI', 'HELPER', '0519274', 'MLGN'),
('13429800234', 'MANOJ NARZARY', 'HELPER', '0519274', 'MLGN'),
('24329800278', 'BIKKI KUMAR SAH', 'TECH(MECH).-III', '0519452', 'GHY'),
('27122000616', 'ABUL HAYAT', 'FAnCAO', '0561070', 'HJP'),
('50313031161', 'PRAMJIT KUMAR', 'KHALASI', '0519272', 'KYQ'),
('50320130260', 'PAPPU KUMAR', 'KH HELPER', '0519452', 'NGC'),
('50800139014', 'VIJAY KUMAR UPADHYAYA', 'CEE', '0561251', 'MLGN'),
('EmpNo', 'Name', 'Designation', 'BillUni', 'Station');

-- --------------------------------------------------------

--
-- Table structure for table `quarter_master`
--

CREATE TABLE `quarter_master` (
  `Qtr_type` varchar(5) NOT NULL
) ENGINE=InnoDB DEFAULT CHARSET=utf8mb4;

--
-- Dumping data for table `quarter_master`
--

INSERT INTO `quarter_master` (`Qtr_type`) VALUES
('I'),
('II'),
('III'),
('IV'),
('V');

-- --------------------------------------------------------

--
-- Table structure for table `quarter_master_entry`
--

CREATE TABLE `quarter_master_entry` (
  `Sl_No` int(11) NOT NULL,
  `Qtr_ID` varchar(50) NOT NULL,
  `Qtr_No` varchar(20) NOT NULL,
  `Qtr_type` varchar(20) NOT NULL,
  `Colony_code` varchar(20) NOT NULL,
  `Meter capacity` int(11) NOT NULL
) ENGINE=InnoDB DEFAULT CHARSET=utf8mb4;

--
-- Dumping data for table `quarter_master_entry`
--

INSERT INTO `quarter_master_entry` (`Sl_No`, `Qtr_ID`, `Qtr_No`, `Qtr_type`, `Colony_code`, `Meter capacity`) VALUES
(1, '0500001010000001', '13/C', 'I', '0500001', 5),
(2, '0500001010000002', '9/C', 'I', '0500001', 2),
(3, '0500001010000003', '107/D', 'I', '0500001', 3),
(4, '0500001010000004', '111/D', 'I', '0500001', 3),
(5, '0500001010000005', '16/0', 'I', '0500001', 2),
(6, '0500001010000006', '100/C', 'I', '0500001', 3),
(7, '0500001010000007', '93/C', 'I', '0500001', 5),
(8, '0500001010000008', '101/C', 'I', '0500001', 4),
(9, '0500001010000009', '193/A', 'I', '0500001', 1),
(10, '05000010100000010', '5/A', 'I', '0500001', 4),
(11, '05000010100000011', '8/A', 'I', '0500001', 4),
(12, '05000010100000012', '21/D', 'I', '0500001', 4),
(13, '05000010100000013', '19/D', 'I', '0500001', 3),
(14, '05000010100000014', '15/D', 'I', '0500001', 4),
(15, '05000010100000015', '89/A', 'I', '0500001', 1),
(16, '05000010100000016', '95/A', 'I', '0500001', 5),
(17, '05000010100000017', '57/D', 'I', '0500001', 5),
(18, '05000010100000018', '105/A', 'I', '0500001', 1),
(19, '05000010100000019', '107/A', 'I', '0500001', 3),
(20, '05000010100000020', '31/A', 'I', '0500001', 1),
(21, '05000010200000021', '282/B', 'II', '0500001', 5),
(22, '05000010200000022', '239/B', 'II', '0500001', 5),
(23, '05000010200000023', '76/A', 'II', '0500001', 3),
(24, '05000010200000024', '82/B', 'II', '0500001', 2),
(25, '05000010200000025', '286/A', 'II', '0500001', 5),
(26, '05000010100000026', '190/A', 'II', '0500001', 4),
(27, '05000010200000027', '279/B', 'II', '0500001', 1),
(28, '05000010200000028', '202/A', 'II', '0500001', 2),
(29, '05000010200000029', '288/A', 'II', '0500001', 4),
(30, '05000010200000030', '306/C', 'II', '0500001', 2),
(31, '05000010200000031', '290/B', 'II', '0500001', 2),
(32, '05000010200000032', '2/A', 'II', '0500001', 3),
(33, '05000010200000033', '1/B', 'II', '0500001', 2),
(34, '05000010200000034', '219/B', 'II', '0500001', 3),
(35, '05000010200000035', '40/A', 'II', '0500001', 3),
(36, '05000010200000036', '236/A', 'II', '0500001', 3),
(37, '05000010200000037', '225/A', 'II', '0500001', 5),
(38, '05000010200000038', '150/B', 'II', '0500001', 2),
(39, '05000010200000039', '209/B', 'II', '0500001', 2),
(40, '05000010200000040', '23/D', 'II', '0500001', 4),
(41, '05000010200000041', '61/A', 'II', '0500001', 1),
(42, '05000010200000042', '56/B', 'II', '0500001', 3),
(43, '05000010200000043', '53/B', 'II', '0500001', 2),
(44, '05000010200000044', '35/A', 'II', '0500001', 1),
(45, '05000010200000045', '70/A', 'II', '0500001', 2),
(46, '05000010200000046', '52/C', 'II', '0500001', 4),
(47, '05000010200000047', '314/A', 'II', '0500001', 5),
(48, '05000010200000048', '3/D', 'II', '0500001', 4),
(49, '05000010200000049', 'O/3', 'II', '0500001', 4),
(50, '05000010200000050', 'TY/3', 'II', '0500001', 1);

-- --------------------------------------------------------

--
-- Table structure for table `quarter_occupancy`
--

CREATE TABLE `quarter_occupancy` (
  `Sl_No` int(11) NOT NULL,
  `EmpNo` varchar(11) NOT NULL,
  `Qtr_ID` varchar(50) NOT NULL,
  `Occupation Date` varchar(10) DEFAULT NULL,
  `Vacation Date` varchar(10) DEFAULT NULL
) ENGINE=InnoDB DEFAULT CHARSET=utf8mb4;

--
-- Dumping data for table `quarter_occupancy`
--

INSERT INTO `quarter_occupancy` (`Sl_No`, `EmpNo`, `Qtr_ID`, `Occupation Date`, `Vacation Date`) VALUES
(1, '12101169476', '0500001010000001', '12/08/2019', NULL),
(2, '12101534853', '0500001010000002', '06/05/2018', NULL),
(3, '12101909198', '0500001010000003', '13/12/2020', NULL),
(4, '12101918424', '0500001010000004', '09/09/2010', NULL),
(5, '12101937042', '0500001010000005', '11/01/2018', NULL),
(6, '12101938174', '0500001010000006', '02/01/2020', NULL),
(7, '12101946298', '0500001010000007', '28/02/2020', NULL),
(8, '12102020178', '0500001010000008', '15/03/2011', NULL),
(9, '12102028591', '0500001010000009', '14/05/2019', NULL),
(10, '12104164660', '05000010100000010', '31/05/2020', NULL),
(11, '12104183101', '05000010100000011', '18/09/2020', NULL),
(12, '12104214158', '05000010100000012', '31/08/2020', NULL),
(13, '12104229629', '05000010100000013', '07/05/2018', NULL),
(14, '12106009815', '05000010100000014', '29/03/2018', NULL),
(15, '12129800005', '05000010100000015', '06/01/2012', NULL),
(16, '12129800107', '05000010100000016', '09/10/2011', NULL),
(17, '12129800145', '05000010100000017', '01/01/2011', NULL),
(18, '12129800157', '05000010100000018', '07/02/2019', NULL),
(19, '12129800242', '05000010100000019', '08/10/2013', NULL),
(20, '121NP001894', '05000010100000020', '19/01/2011', NULL);

--
-- Indexes for dumped tables
--

--
-- Indexes for table `electric transaction`
--
ALTER TABLE `electric transaction`
  ADD PRIMARY KEY (`Sl No`);

--
-- Indexes for table `employee_master`
--
ALTER TABLE `employee_master`
  ADD PRIMARY KEY (`EmpNo`);

--
-- Indexes for table `quarter_master_entry`
--
ALTER TABLE `quarter_master_entry`
  ADD PRIMARY KEY (`Sl_No`);

--
-- Indexes for table `quarter_occupancy`
--
ALTER TABLE `quarter_occupancy`
  ADD PRIMARY KEY (`Sl_No`);

--
-- AUTO_INCREMENT for dumped tables
--

--
-- AUTO_INCREMENT for table `electric transaction`
--
ALTER TABLE `electric transaction`
  MODIFY `Sl No` int(11) NOT NULL AUTO_INCREMENT, AUTO_INCREMENT=11;

--
-- AUTO_INCREMENT for table `quarter_master_entry`
--
ALTER TABLE `quarter_master_entry`
  MODIFY `Sl_No` int(11) NOT NULL AUTO_INCREMENT, AUTO_INCREMENT=51;

--
-- AUTO_INCREMENT for table `quarter_occupancy`
--
ALTER TABLE `quarter_occupancy`
  MODIFY `Sl_No` int(11) NOT NULL AUTO_INCREMENT, AUTO_INCREMENT=21;
COMMIT;

/*!40101 SET CHARACTER_SET_CLIENT=@OLD_CHARACTER_SET_CLIENT */;
/*!40101 SET CHARACTER_SET_RESULTS=@OLD_CHARACTER_SET_RESULTS */;
/*!40101 SET COLLATION_CONNECTION=@OLD_COLLATION_CONNECTION */;
